Rheden,Via regio,Regio Arnhem-Nijmegen,Gelderland,SRC-069,Rheden.pdf,T03,"Openbaar, collectief en vraagafhankelijk vervoer",3,3,3,7,H14-2684; H14-2685; H14-2695; H14-2696; H14-2698; H14-2699; H14-2708,33; 34,H14 volledige herlezing; gevalideerde eerdere codering plus nieuwe passages
Rheden,Via regio,Regio Arnhem-Nijmegen,Gelderland,SRC-069,Rheden.pdf,T04,"Autoverkeer, wegennet, doorstroming en ontsluiting",3,3,2,5,H14-2686; H14-2691; H14-2700; H14-2712; H14-2713,33; 44,H14 volledige herlezing; gevalideerde eerdere codering plus nieuwe passages
Rheden,Via regio,Regio Arnhem-Nijmegen,Gelderland,SRC-069,Rheden.pdf,T05,Parkeren en ruimte voor stilstaande mobiliteit,3,3,3,7,H14-2670; H14-2671; H14-2687; H14-2690; H14-2691; H14-2694; H14-2703,30; 33; 34,H14 volledige herlezing; gevalideerde eerdere codering plus nieuwe passages
Rheden,Via regio,Regio Arnhem-Nijmegen,Gelderland,SRC-069,Rheden.pdf,T06,"Mobiliteit in ruimte, woningbouw en leefomgeving",3,3,2,13,H14-2664; H14-2665; H14-2666; H14-2667; H14-2668; H14-2675; H14-2676; H14-2694; H14-2699; H14-2700; H14-2709; H14-2711; H14-2712,22; 24; 26; 31; 32; 33; 36; 41; 44,H14 volledige herlezing; gevalideerde eerdere codering plus nieuwe passages
Rheden,Via regio,Regio Arnhem-Nijmegen,Gelderland,SRC-069,Rheden.pdf,T07,"Duurzame, gedeelde en slimme mobiliteit",2,3,2,6,H14-2684; H14-2688; H14-2699; H14-2700; H14-2704; H14-2705,33; 34,H14 volledige herlezing; gevalideerde eerdere codering plus nieuwe passages
Rheden,Via regio,Regio Arnhem-Nijmegen,Gelderland,SRC-069,Rheden.pdf,T08,Toegankelijke en betaalbare mobiliteit; bereikbaarheid van kernen,2,3,2,12,H14-2665; H14-2668; H14-2669; H14-2675; H14-2676; H14-2680; H14-2692; H14-2699; H14-2701; H14-2702; H14-2703; H14-2709,22; 26; 27; 31; 32; 33; 34; 36,H14 volledige herlezing; gevalideerde eerdere codering plus nieuwe passages
Rheden,Via regio,Regio Arnhem-Nijmegen,Gelderland,SRC-069,Rheden.pdf,T09,"Goederenvervoer, logistiek en bijzondere vervoersstromen",2,2,2,1,H14-2689,33,H14 volledige herlezing; gevalideerde eerdere codering plus nieuwe passages
Rheden,Via regio,Regio Arnhem-Nijmegen,Gelderland,SRC-069,Rheden.pdf,T10,"Beheer, onderhoud en civiele infrastructuur",3,3,2,6,H14-2673; H14-2674; H14-2677; H14-2678; H14-2712; H14-2714,31; 32; 44,H14 volledige herlezing; gevalideerde eerdere codering plus nieuwe passages
Rheden,Via regio,Regio Arnhem-Nijmegen,Gelderland,SRC-069,Rheden.pdf,T11,"Uitvoering, samenwerking, financiering en kennis",3,3,3,12,H14-2666; H14-2667; H14-2671; H14-2672; H14-2689; H14-2696; H14-2705; H14-2706; H14-2709; H14-2710; H14-2711; H14-2712,22; 24; 30; 33; 34; 36; 41; 44,H14 volledige herlezing; gevalideerde eerdere codering plus nieuwe passages
Rotterdam,Rechtstreeks,Rechtstreeks,Zuid-Holland,SRC-070,Rotterdam.pdf,T01,Verkeersveiligheid en veilig verkeersgedrag,3,3,3,13,H14-2715; H14-2741; H14-2743; H14-2752; H14-2755; H14-2756; H14-2758; H14-2761; H14-2762; H14-2763; H14-2815; H14-2816; H14-2817,3; 14; 15; 16; 36,H14 volledige herlezing; gevalideerde eerdere codering plus nieuwe passages
Rotterdam,Rechtstreeks,Rechtstreeks,Zuid-Holland,SRC-070,Rotterdam.pdf,T02,"Lopen, fietsen en actieve mobiliteit",3,3,3,25,H14-2723; H14-2724; H14-2727; H14-2730; H14-2731; H14-2733; H14-2734; H14-2735; H14-2736; H14-2737; H14-2739; H14-2743; H14-2744; H14-2747; H14-2749; H14-2750; H14-2751; H14-2757; H14-2761; H14-2773; H14-2815; H14-2816; H14-2820; H14-2834; H14-2837,10; 13; 14; 15; 17; 36; 44; 55; 56,H14 volledige herlezing; gevalideerde eerdere codering plus nieuwe passages
Rotterdam,Rechtstreeks,Rechtstreeks,Zuid-Holland,SRC-070,Rotterdam.pdf,T03,"Openbaar, collectief en vraagafhankelijk vervoer",3,3,3,16,H14-2727; H14-2764; H14-2765; H14-2767; H14-2768; H14-2771; H14-2772; H14-2774; H14-2777; H14-2780; H14-2782; H14-2818; H14-2853; H14-2854; H14-2855; H14-2856,13; 17; 42; 61; 62,H14 volledige herlezing; gevalideerde eerdere codering plus nieuwe passages
Rotterdam,Rechtstreeks,Rechtstreeks,Zuid-Holland,SRC-070,Rotterdam.pdf,T04,"Autoverkeer, wegennet, doorstroming en ontsluiting",3,3,3,18,H14-2722; H14-2727; H14-2728; H14-2729; H14-2734; H14-2735; H14-2738; H14-2739; H14-2742; H14-2746; H14-2759; H14-2764; H14-2769; H14-2770; H14-2805; H14-2815; H14-2820; H14-2837,10; 13; 14; 15; 17; 23; 36; 44; 56,H14 volledige herlezing; gevalideerde eerdere codering plus nieuwe passages
Rotterdam,Rechtstreeks,Rechtstreeks,Zuid-Holland,SRC-070,Rotterdam.pdf,T05,Parkeren en ruimte voor stilstaande mobiliteit,3,3,3,24,H14-2718; H14-2719; H14-2720; H14-2727; H14-2732; H14-2739; H14-2740; H14-2743; H14-2745; H14-2748; H14-2750; H14-2753; H14-2754; H14-2760; H14-2779; H14-2780; H14-2781; H14-2831; H14-2845; H14-2846; H14-2849; H14-2850; H14-2851; H14-2852,8; 13; 14; 15; 17; 53; 58; 59,H14 volledige herlezing; gevalideerde eerdere codering plus nieuwe passages
Rotterdam,Rechtstreeks,Rechtstreeks,Zuid-Holland,SRC-070,Rotterdam.pdf,T06,"Mobiliteit in ruimte, woningbouw en leefomgeving",3,3,3,23,H14-2719; H14-2720; H14-2721; H14-2724; H14-2729; H14-2730; H14-2731; H14-2732; H14-2737; H14-2743; H14-2746; H14-2751; H14-2773; H14-2789; H14-2799; H14-2811; H14-2824; H14-2830; H14-2832; H14-2833; H14-2834; H14-2835; H14-2836,8; 9; 10; 13; 14; 17; 22; 24; 45; 53; 54; 55,H14 volledige herlezing; gevalideerde eerdere codering plus nieuwe passages
Rotterdam,Rechtstreeks,Rechtstreeks,Zuid-Holland,SRC-070,Rotterdam.pdf,T07,"Duurzame, gedeelde en slimme mobiliteit",3,3,3,5,H14-2725; H14-2727; H14-2732; H14-2740; H14-2753,10; 13; 14,H14 volledige herlezing; gevalideerde eerdere codering plus nieuwe passages
Rotterdam,Rechtstreeks,Rechtstreeks,Zuid-Holland,SRC-070,Rotterdam.pdf,T08,Toegankelijke en betaalbare mobiliteit; bereikbaarheid van kernen,2,3,3,5,H14-2765; H14-2853; H14-2854; H14-2855; H14-2856,17; 61; 62,H14 volledige herlezing; gevalideerde eerdere codering plus nieuwe passages
Rotterdam,Rechtstreeks,Rechtstreeks,Zuid-Holland,SRC-070,Rotterdam.pdf,T09,"Goederenvervoer, logistiek en bijzondere vervoersstromen",3,3,3,50,H14-2716; H14-2717; H14-2726; H14-2766; H14-2775; H14-2783; H14-2784; H14-2785; H14-2786; H14-2787; H14-2788; H14-2789; H14-2790; H14-2791; H14-2792; H14-2793; H14-2794; H14-2795; H14-2796; H14-2797; H14-2798; H14-2799; H14-2800; H14-2801; H14-2802; H14-2803; H14-2804; H14-2806; H14-2807; H14-2808; H14-2809; H14-2810; H14-2812; H14-2813; H14-2814; H14-2819; H14-2821; H14-2822; H14-2823; H14-2824; H14-2825; H14-2826; H14-2827; H14-2828; H14-2829; H14-2834; H14-2839; H14-2840; H14-2848; H14-2857,3; 4; 12; 17; 21; 22; 23; 25; 28; 30; 44; 45; 49; 50; 51; 55; 56; 59; 63,H14 volledige herlezing; gevalideerde eerdere codering plus nieuwe passages
Rotterdam,Rechtstreeks,Rechtstreeks,Zuid-Holland,SRC-070,Rotterdam.pdf,T10,"Beheer, onderhoud en civiele infrastructuur",2,2,2,3,H14-2768; H14-2841; H14-2843,17; 57,H14 volledige herlezing; gevalideerde eerdere codering plus nieuwe passages
Rotterdam,Rechtstreeks,Rechtstreeks,Zuid-Holland,SRC-070,Rotterdam.pdf,T11,"Uitvoering, samenwerking, financiering en kennis",3,3,3,37,H14-2719; H14-2721; H14-2734; H14-2735; H14-2744; H14-2753; H14-2766; H14-2768; H14-2770; H14-2776; H14-2778; H14-2781; H14-2784; H14-2789; H14-2797; H14-2800; H14-2806; H14-2807; H14-2809; H14-2814; H14-2820; H14-2822; H14-2825; H14-2828; H14-2829; H14-2833; H14-2835; H14-2837; H14-2838; H14-2839; H14-2842; H14-2843; H14-2844; H14-2847; H14-2850; H14-2856; H14-2857,8; 9; 13; 14; 17; 21; 22; 23; 30; 44; 45; 49; 51; 54; 55; 56; 57; 58; 59; 62; 63,H14 volledige herlezing; gevalideerde eerdere codering plus nieuwe passages
Rozendaal,Via regio,Regio Arnhem-Nijmegen,Gelderland,SRC-093,Rozendaal_Coalitieakkoord_2026-2030.pdf,T01,Verkeersveiligheid en veilig verkeersgedrag,2,2,2,3,H14-2858; H14-2862; H14-2863,2,H14 volledige herlezing; gevalideerde eerdere codering plus nieuwe passages
Rozendaal,Via regio,Regio Arnhem-Nijmegen,Gelderland,SRC-093,Rozendaal_Coalitieakkoord_2026-2030.pdf,T02,"Lopen, fietsen en actieve mobiliteit",2,2,2,3,H14-2859; H14-2862; H14-2863,2,H14 volledige herlezing; gevalideerde eerdere codering plus nieuwe passages
Rozendaal,Via regio,Regio Arnhem-Nijmegen,Gelderland,SRC-093,Rozendaal_Coalitieakkoord_2026-2030.pdf,T03,"Openbaar, collectief en vraagafhankelijk vervoer",0,0,0,0,,,H14: geen inhoudelijke passage aangetroffen
Rozendaal,Via regio,Regio Arnhem-Nijmegen,Gelderland,SRC-093,Rozendaal_Coalitieakkoord_2026-2030.pdf,T04,"Autoverkeer, wegennet, doorstroming en ontsluiting",0,0,0,0,,,H14: geen inhoudelijke passage aangetroffen
Rozendaal,Via regio,Regio Arnhem-Nijmegen,Gelderland,SRC-093,Rozendaal_Coalitieakkoord_2026-2030.pdf,T05,Parkeren en ruimte voor stilstaande mobiliteit,0,0,0,0,,,H14: geen inhoudelijke passage aangetroffen
Rozendaal,Via regio,Regio Arnhem-Nijmegen,Gelderland,SRC-093,Rozendaal_Coalitieakkoord_2026-2030.pdf,T06,"Mobiliteit in ruimte, woningbouw en leefomgeving",0,0,0,0,,,H14: geen inhoudelijke passage aangetroffen
Rozendaal,Via regio,Regio Arnhem-Nijmegen,Gelderland,SRC-093,Rozendaal_Coalitieakkoord_2026-2030.pdf,T07,"Duurzame, gedeelde en slimme mobiliteit",0,0,0,0,,,H14: geen inhoudelijke passage aangetroffen
Rozendaal,Via regio,Regio Arnhem-Nijmegen,Gelderland,SRC-093,Rozendaal_Coalitieakkoord_2026-2030.pdf,T08,Toegankelijke en betaalbare mobiliteit; bereikbaarheid van kernen,0,0,0,0,,,H14: geen inhoudelijke passage aangetroffen
Rozendaal,Via regio,Regio Arnhem-Nijmegen,Gelderland,SRC-093,Rozendaal_Coalitieakkoord_2026-2030.pdf,T09,"Goederenvervoer, logistiek en bijzondere vervoersstromen",0,0,0,0,,,H14: geen inhoudelijke passage aangetroffen
Rozendaal,Via regio,Regio Arnhem-Nijmegen,Gelderland,SRC-093,Rozendaal_Coalitieakkoord_2026-2030.pdf,T10,"Beheer, onderhoud en civiele infrastructuur",2,2,2,1,H14-2860,2,H14 volledige herlezing; gevalideerde eerdere codering plus nieuwe passages
Rozendaal,Via regio,Regio Arnhem-Nijmegen,Gelderland,SRC-093,Rozendaal_Coalitieakkoord_2026-2030.pdf,T11,"Uitvoering, samenwerking, financiering en kennis",2,2,2,2,H14-2861; H14-2862,2,H14 volledige herlezing; gevalideerde eerdere codering plus nieuwe passages
Simpelveld,Via regio,RMO Zuid-Limburg,Limburg,SRC-072,Simpelveld.pdf,T01,Verkeersveiligheid en veilig verkeersgedrag,2,2,2,2,H14-2864; H14-2865,3; 4,H14 volledige herlezing; gevalideerde eerdere codering plus nieuwe passages
Simpelveld,Via regio,RMO Zuid-Limburg,Limburg,SRC-072,Simpelveld.pdf,T02,"Lopen, fietsen en actieve mobiliteit",2,2,2,2,H14-2865; H14-2868,4,H14 volledige herlezing; gevalideerde eerdere codering plus nieuwe passages
Simpelveld,Via regio,RMO Zuid-Limburg,Limburg,SRC-072,Simpelveld.pdf,T03,"Openbaar, collectief en vraagafhankelijk vervoer",2,2,2,2,H14-2866; H14-2868,4,H14 volledige herlezing; gevalideerde eerdere codering plus nieuwe passages
Simpelveld,Via regio,RMO Zuid-Limburg,Limburg,SRC-072,Simpelveld.pdf,T04,"Autoverkeer, wegennet, doorstroming en ontsluiting",0,0,0,0,,,H14 gerichte anomaliecontrole volgens inclusie-/exclusieregel
Simpelveld,Via regio,RMO Zuid-Limburg,Limburg,SRC-072,Simpelveld.pdf,T05,Parkeren en ruimte voor stilstaande mobiliteit,0,0,0,0,,,H14 gerichte anomaliecontrole volgens inclusie-/exclusieregel
Simpelveld,Via regio,RMO Zuid-Limburg,Limburg,SRC-072,Simpelveld.pdf,T06,"Mobiliteit in ruimte, woningbouw en leefomgeving",2,2,2,3,H14-2865; H14-2867; H14-2868,4,H14 volledige herlezing; gevalideerde eerdere codering plus nieuwe passages
Simpelveld,Via regio,RMO Zuid-Limburg,Limburg,SRC-072,Simpelveld.pdf,T07,"Duurzame, gedeelde en slimme mobiliteit",2,2,2,3,H14-2865; H14-2866; H14-2868,4,H14 volledige herlezing; gevalideerde eerdere codering plus nieuwe passages
Simpelveld,Via regio,RMO Zuid-Limburg,Limburg,SRC-072,Simpelveld.pdf,T08,Toegankelijke en betaalbare mobiliteit; bereikbaarheid van kernen,0,0,0,0,,,H14: geen inhoudelijke passage aangetroffen
Simpelveld,Via regio,RMO Zuid-Limburg,Limburg,SRC-072,Simpelveld.pdf,T09,"Goederenvervoer, logistiek en bijzondere vervoersstromen",0,0,0,0,,,H14: geen inhoudelijke passage aangetroffen
Simpelveld,Via regio,RMO Zuid-Limburg,Limburg,SRC-072,Simpelveld.pdf,T10,"Beheer, onderhoud en civiele infrastructuur",2,2,2,2,H14-2867; H14-2868,4,H14 volledige herlezing; gevalideerde eerdere codering plus nieuwe passages
Simpelveld,Via regio,RMO Zuid-Limburg,Limburg,SRC-072,Simpelveld.pdf,T11,"Uitvoering, samenwerking, financiering en kennis",2,2,2,2,H14-2868; H14-2869,4; 6,H14 volledige herlezing; gevalideerde eerdere codering plus nieuwe passages
Sittard-Geleen,Via regio,RMO Zuid-Limburg,Limburg,SRC-073,Sittard-Geleen.pdf,T01,Verkeersveiligheid en veilig verkeersgedrag,2,2,2,2,H14-2870; H14-2880,18; 22,H14 volledige herlezing; gevalideerde eerdere codering plus nieuwe passages
Sittard-Geleen,Via regio,RMO Zuid-Limburg,Limburg,SRC-073,Sittard-Geleen.pdf,T02,"Lopen, fietsen en actieve mobiliteit",2,3,2,5,H14-2870; H14-2871; H14-2876; H14-2880; H14-2881,18; 22,H14 volledige herlezing; gevalideerde eerdere codering plus nieuwe passages
Sittard-Geleen,Via regio,RMO Zuid-Limburg,Limburg,SRC-073,Sittard-Geleen.pdf,T03,"Openbaar, collectief en vraagafhankelijk vervoer",3,3,2,6,H14-2870; H14-2871; H14-2872; H14-2873; H14-2874; H14-2875,18,H14 volledige herlezing; gevalideerde eerdere codering plus nieuwe passages
Sittard-Geleen,Via regio,RMO Zuid-Limburg,Limburg,SRC-073,Sittard-Geleen.pdf,T04,"Autoverkeer, wegennet, doorstroming en ontsluiting",0,0,0,0,,,H14: geen inhoudelijke passage aangetroffen
Sittard-Geleen,Via regio,RMO Zuid-Limburg,Limburg,SRC-073,Sittard-Geleen.pdf,T05,Parkeren en ruimte voor stilstaande mobiliteit,2,2,2,3,H14-2877; H14-2878; H14-2882,19; 33,H14 volledige herlezing; gevalideerde eerdere codering plus nieuwe passages
Sittard-Geleen,Via regio,RMO Zuid-Limburg,Limburg,SRC-073,Sittard-Geleen.pdf,T06,"Mobiliteit in ruimte, woningbouw en leefomgeving",3,2,2,2,H14-2873; H14-2880,18; 22,H14 volledige herlezing; gevalideerde eerdere codering plus nieuwe passages
Sittard-Geleen,Via regio,RMO Zuid-Limburg,Limburg,SRC-073,Sittard-Geleen.pdf,T07,"Duurzame, gedeelde en slimme mobiliteit",0,0,0,0,,,H14: geen inhoudelijke passage aangetroffen
Sittard-Geleen,Via regio,RMO Zuid-Limburg,Limburg,SRC-073,Sittard-Geleen.pdf,T08,Toegankelijke en betaalbare mobiliteit; bereikbaarheid van kernen,3,2,2,2,H14-2870; H14-2872,18,H14 volledige herlezing; gevalideerde eerdere codering plus nieuwe passages
Sittard-Geleen,Via regio,RMO Zuid-Limburg,Limburg,SRC-073,Sittard-Geleen.pdf,T09,"Goederenvervoer, logistiek en bijzondere vervoersstromen",3,2,2,3,H14-2874; H14-2875; H14-2879,18; 21,H14 volledige herlezing; gevalideerde eerdere codering plus nieuwe passages
Sittard-Geleen,Via regio,RMO Zuid-Limburg,Limburg,SRC-073,Sittard-Geleen.pdf,T10,"Beheer, onderhoud en civiele infrastructuur",0,0,0,0,,,H14: geen inhoudelijke passage aangetroffen
Sittard-Geleen,Via regio,RMO Zuid-Limburg,Limburg,SRC-073,Sittard-Geleen.pdf,T11,"Uitvoering, samenwerking, financiering en kennis",3,3,2,5,H14-2872; H14-2873; H14-2878; H14-2880; H14-2881,18; 19; 22,H14 volledige herlezing; gevalideerde eerdere codering plus nieuwe passages
Stein,Via regio,RMO Zuid-Limburg,Limburg,SRC-074,Stein.pdf,T01,Verkeersveiligheid en veilig verkeersgedrag,3,3,3,14,H14-2884; H14-2886; H14-2894; H14-2899; H14-2900; H14-2901; H14-2902; H14-2906; H14-2909; H14-2928; H14-2929; H14-2947; H14-2952; H14-2955,9; 10; 16; 19; 34,H14 volledige herlezing; gevalideerde eerdere codering plus nieuwe passages
Stein,Via regio,RMO Zuid-Limburg,Limburg,SRC-074,Stein.pdf,T02,"Lopen, fietsen en actieve mobiliteit",3,3,2,15,H14-2895; H14-2897; H14-2898; H14-2902; H14-2904; H14-2905; H14-2907; H14-2910; H14-2911; H14-2912; H14-2914; H14-2917; H14-2940; H14-2949; H14-2950,10; 22; 34,H14 volledige herlezing; gevalideerde eerdere codering plus nieuwe passages
Stein,Via regio,RMO Zuid-Limburg,Limburg,SRC-074,Stein.pdf,T03,"Openbaar, collectief en vraagafhankelijk vervoer",3,2,3,4,H14-2932; H14-2936; H14-2939; H14-2940,22,H14 volledige herlezing; gevalideerde eerdere codering plus nieuwe passages
Stein,Via regio,RMO Zuid-Limburg,Limburg,SRC-074,Stein.pdf,T04,"Autoverkeer, wegennet, doorstroming en ontsluiting",3,3,2,6,H14-2883; H14-2884; H14-2908; H14-2920; H14-2921; H14-2942,9; 10; 12; 28,H14 volledige herlezing; gevalideerde eerdere codering plus nieuwe passages
Stein,Via regio,RMO Zuid-Limburg,Limburg,SRC-074,Stein.pdf,T05,Parkeren en ruimte voor stilstaande mobiliteit,3,3,3,14,H14-2889; H14-2890; H14-2896; H14-2913; H14-2915; H14-2916; H14-2918; H14-2919; H14-2923; H14-2924; H14-2925; H14-2948; H14-2953; H14-2956,9; 10; 13; 34,H14 volledige herlezing; gevalideerde eerdere codering plus nieuwe passages
Stein,Via regio,RMO Zuid-Limburg,Limburg,SRC-074,Stein.pdf,T06,"Mobiliteit in ruimte, woningbouw en leefomgeving",3,3,2,18,H14-2884; H14-2885; H14-2892; H14-2896; H14-2897; H14-2900; H14-2912; H14-2914; H14-2915; H14-2921; H14-2925; H14-2928; H14-2929; H14-2930; H14-2937; H14-2941; H14-2943; H14-2948,9; 10; 12; 13; 16; 19; 22; 28; 29; 34,H14 volledige herlezing; gevalideerde eerdere codering plus nieuwe passages
Stein,Via regio,RMO Zuid-Limburg,Limburg,SRC-074,Stein.pdf,T07,"Duurzame, gedeelde en slimme mobiliteit",2,2,2,1,H14-2896,10,H14 volledige herlezing; gevalideerde eerdere codering plus nieuwe passages
Stein,Via regio,RMO Zuid-Limburg,Limburg,SRC-074,Stein.pdf,T08,Toegankelijke en betaalbare mobiliteit; bereikbaarheid van kernen,3,3,3,8,H14-2891; H14-2895; H14-2932; H14-2935; H14-2936; H14-2937; H14-2939; H14-2946,9; 10; 22; 32,H14 volledige herlezing; gevalideerde eerdere codering plus nieuwe passages
Stein,Via regio,RMO Zuid-Limburg,Limburg,SRC-074,Stein.pdf,T09,"Goederenvervoer, logistiek en bijzondere vervoersstromen",3,2,2,2,H14-2921; H14-2922,12,H14 volledige herlezing; gevalideerde eerdere codering plus nieuwe passages
Stein,Via regio,RMO Zuid-Limburg,Limburg,SRC-074,Stein.pdf,T10,"Beheer, onderhoud en civiele infrastructuur",3,3,2,11,H14-2885; H14-2886; H14-2887; H14-2888; H14-2895; H14-2897; H14-2910; H14-2914; H14-2934; H14-2948; H14-2949,9; 10; 22; 34,H14 volledige herlezing; gevalideerde eerdere codering plus nieuwe passages
Stein,Via regio,RMO Zuid-Limburg,Limburg,SRC-074,Stein.pdf,T11,"Uitvoering, samenwerking, financiering en kennis",3,3,3,35,H14-2883; H14-2884; H14-2885; H14-2888; H14-2890; H14-2891; H14-2893; H14-2894; H14-2895; H14-2896; H14-2903; H14-2905; H14-2913; H14-2917; H14-2921; H14-2923; H14-2926; H14-2927; H14-2930; H14-2931; H14-2932; H14-2933; H14-2934; H14-2938; H14-2939; H14-2943; H14-2944; H14-2945; H14-2947; H14-2948; H14-2949; H14-2951; H14-2952; H14-2953; H14-2954,9; 10; 12; 13; 16; 19; 21; 22; 29; 31; 34,H14 volledige herlezing; gevalideerde eerdere codering plus nieuwe passages
Tilburg,Rechtstreeks,Rechtstreeks,Noord-Brabant,SRC-075,Tilburg.pdf,T01,Verkeersveiligheid en veilig verkeersgedrag,3,3,3,7,H14-2964; H14-2976; H14-2982; H14-2997; H14-3004; H14-3021; H14-3027,21; 53; 54; 55; 76,H14 volledige herlezing; gevalideerde eerdere codering plus nieuwe passages
Tilburg,Rechtstreeks,Rechtstreeks,Noord-Brabant,SRC-075,Tilburg.pdf,T02,"Lopen, fietsen en actieve mobiliteit",3,3,3,13,H14-2972; H14-2973; H14-2977; H14-2980; H14-2986; H14-3001; H14-3005; H14-3006; H14-3009; H14-3010; H14-3011; H14-3013; H14-3020,43; 53; 54; 55,H14 volledige herlezing; gevalideerde eerdere codering plus nieuwe passages
Tilburg,Rechtstreeks,Rechtstreeks,Noord-Brabant,SRC-075,Tilburg.pdf,T03,"Openbaar, collectief en vraagafhankelijk vervoer",3,3,3,18,H14-2965; H14-2966; H14-2976; H14-2977; H14-2978; H14-2982; H14-2986; H14-2991; H14-2994; H14-3006; H14-3008; H14-3014; H14-3015; H14-3017; H14-3019; H14-3023; H14-3026; H14-3027,33; 53; 54; 55; 57; 73; 76,H14 volledige herlezing; gevalideerde eerdere codering plus nieuwe passages
Tilburg,Rechtstreeks,Rechtstreeks,Noord-Brabant,SRC-075,Tilburg.pdf,T04,"Autoverkeer, wegennet, doorstroming en ontsluiting",2,3,2,9,H14-2976; H14-2979; H14-2985; H14-2987; H14-2989; H14-2999; H14-3000; H14-3005; H14-3024,53; 54; 55; 60,H14 volledige herlezing; gevalideerde eerdere codering plus nieuwe passages
Tilburg,Rechtstreeks,Rechtstreeks,Noord-Brabant,SRC-075,Tilburg.pdf,T05,Parkeren en ruimte voor stilstaande mobiliteit,3,3,3,17,H14-2986; H14-2987; H14-2988; H14-2991; H14-2992; H14-2993; H14-2995; H14-2998; H14-3002; H14-3003; H14-3005; H14-3006; H14-3013; H14-3018; H14-3020; H14-3022; H14-3026,54; 55; 73,H14 volledige herlezing; gevalideerde eerdere codering plus nieuwe passages
Tilburg,Rechtstreeks,Rechtstreeks,Noord-Brabant,SRC-075,Tilburg.pdf,T06,"Mobiliteit in ruimte, woningbouw en leefomgeving",3,3,3,6,H14-2960; H14-2967; H14-2971; H14-2985; H14-3000; H14-3007,6; 37; 39; 53; 54; 55,H14 volledige herlezing; gevalideerde eerdere codering plus nieuwe passages
Tilburg,Rechtstreeks,Rechtstreeks,Noord-Brabant,SRC-075,Tilburg.pdf,T07,"Duurzame, gedeelde en slimme mobiliteit",1,2,3,3,H14-2977; H14-2981; H14-2986,53; 54,H14 volledige herlezing; gevalideerde eerdere codering plus nieuwe passages
Tilburg,Rechtstreeks,Rechtstreeks,Noord-Brabant,SRC-075,Tilburg.pdf,T08,Toegankelijke en betaalbare mobiliteit; bereikbaarheid van kernen,2,3,2,9,H14-2957; H14-2958; H14-2959; H14-2960; H14-2961; H14-2962; H14-2963; H14-2984; H14-3012,4; 6; 12; 53; 55,H14 volledige herlezing; gevalideerde eerdere codering plus nieuwe passages
Tilburg,Rechtstreeks,Rechtstreeks,Noord-Brabant,SRC-075,Tilburg.pdf,T09,"Goederenvervoer, logistiek en bijzondere vervoersstromen",3,3,3,5,H14-2974; H14-2975; H14-2983; H14-3007; H14-3016,48; 53; 55,H14 volledige herlezing; gevalideerde eerdere codering plus nieuwe passages
Tilburg,Rechtstreeks,Rechtstreeks,Noord-Brabant,SRC-075,Tilburg.pdf,T10,"Beheer, onderhoud en civiele infrastructuur",0,0,0,0,,,H14: geen inhoudelijke passage aangetroffen
Tilburg,Rechtstreeks,Rechtstreeks,Noord-Brabant,SRC-075,Tilburg.pdf,T11,"Uitvoering, samenwerking, financiering en kennis",3,3,3,27,H14-2958; H14-2959; H14-2960; H14-2962; H14-2964; H14-2966; H14-2968; H14-2969; H14-2970; H14-2971; H14-2973; H14-2975; H14-2981; H14-2982; H14-2990; H14-2994; H14-2996; H14-3000; H14-3002; H14-3004; H14-3007; H14-3010; H14-3016; H14-3020; H14-3021; H14-3025; H14-3028,4; 6; 21; 33; 37; 38; 39; 43; 48; 53; 54; 55; 60; 76,H14 volledige herlezing; gevalideerde eerdere codering plus nieuwe passages
Urk,Rechtstreeks,Rechtstreeks,Flevoland,SRC-076,Urk.pdf,T01,Verkeersveiligheid en veilig verkeersgedrag,2,1,2,2,H14-3084; H14-3092,49,H14 volledige herlezing; gevalideerde eerdere codering plus nieuwe passages
Urk,Rechtstreeks,Rechtstreeks,Flevoland,SRC-076,Urk.pdf,T02,"Lopen, fietsen en actieve mobiliteit",0,0,0,0,,,H14 gerichte anomaliecontrole volgens inclusie-/exclusieregel
Urk,Rechtstreeks,Rechtstreeks,Flevoland,SRC-076,Urk.pdf,T03,"Openbaar, collectief en vraagafhankelijk vervoer",2,3,2,5,H14-3085; H14-3086; H14-3087; H14-3093; H14-3136,49; 58,H14 volledige herlezing; gevalideerde eerdere codering plus nieuwe passages
Urk,Rechtstreeks,Rechtstreeks,Flevoland,SRC-076,Urk.pdf,T04,"Autoverkeer, wegennet, doorstroming en ontsluiting",3,3,3,8,H14-3037; H14-3038; H14-3039; H14-3040; H14-3042; H14-3085; H14-3087; H14-3090,10; 13; 49,H14 volledige herlezing; gevalideerde eerdere codering plus nieuwe passages
Urk,Rechtstreeks,Rechtstreeks,Flevoland,SRC-076,Urk.pdf,T05,Parkeren en ruimte voor stilstaande mobiliteit,2,3,2,7,H14-3032; H14-3033; H14-3038; H14-3039; H14-3040; H14-3084; H14-3088,8; 10; 49,H14 volledige herlezing; gevalideerde eerdere codering plus nieuwe passages
Urk,Rechtstreeks,Rechtstreeks,Flevoland,SRC-076,Urk.pdf,T06,"Mobiliteit in ruimte, woningbouw en leefomgeving",3,3,3,22,H14-3029; H14-3030; H14-3031; H14-3033; H14-3034; H14-3036; H14-3038; H14-3040; H14-3041; H14-3050; H14-3054; H14-3057; H14-3061; H14-3068; H14-3071; H14-3081; H14-3082; H14-3083; H14-3089; H14-3091; H14-3100; H14-3122,5; 8; 9; 10; 11; 18; 19; 20; 22; 41; 45; 49; 53; 55,H14 volledige herlezing; gevalideerde eerdere codering plus nieuwe passages
Urk,Rechtstreeks,Rechtstreeks,Flevoland,SRC-076,Urk.pdf,T07,"Duurzame, gedeelde en slimme mobiliteit",1,1,1,1,H14-3094,50,H14 volledige herlezing; gevalideerde eerdere codering plus nieuwe passages
Urk,Rechtstreeks,Rechtstreeks,Flevoland,SRC-076,Urk.pdf,T08,Toegankelijke en betaalbare mobiliteit; bereikbaarheid van kernen,2,3,3,4,H14-3030; H14-3080; H14-3136; H14-3138,5; 39; 58; 62,H14 volledige herlezing; gevalideerde eerdere codering plus nieuwe passages
Urk,Rechtstreeks,Rechtstreeks,Flevoland,SRC-076,Urk.pdf,T09,"Goederenvervoer, logistiek en bijzondere vervoersstromen",3,3,3,81,H14-3029; H14-3030; H14-3031; H14-3036; H14-3041; H14-3043; H14-3044; H14-3045; H14-3046; H14-3047; H14-3048; H14-3049; H14-3050; H14-3051; H14-3052; H14-3053; H14-3054; H14-3055; H14-3056; H14-3057; H14-3058; H14-3059; H14-3060; H14-3061; H14-3062; H14-3063; H14-3064; H14-3065; H14-3066; H14-3067; H14-3068; H14-3069; H14-3070; H14-3071; H14-3072; H14-3073; H14-3074; H14-3075; H14-3076; H14-3077; H14-3078; H14-3083; H14-3096; H14-3097; H14-3098; H14-3099; H14-3100; H14-3101; H14-3102; H14-3103; H14-3104; H14-3105; H14-3106; H14-3107; H14-3108; H14-3109; H14-3110; H14-3111; H14-3112; H14-3113; H14-3114; H14-3115; H14-3116; H14-3117; H14-3118; H14-3119; H14-3120; H14-3121; H14-3123; H14-3124; H14-3125; H14-3126; H14-3127; H14-3128; H14-3129; H14-3130; H14-3131; H14-3132; H14-3133; H14-3134; H14-3135,5; 9; 11; 18; 19; 20; 22; 23; 45; 50; 53; 54; 55; 56; 57,H14 volledige herlezing; gevalideerde eerdere codering plus nieuwe passages
Urk,Rechtstreeks,Rechtstreeks,Flevoland,SRC-076,Urk.pdf,T10,"Beheer, onderhoud en civiele infrastructuur",2,2,2,1,H14-3042,13,H14 volledige herlezing; gevalideerde eerdere codering plus nieuwe passages
Urk,Rechtstreeks,Rechtstreeks,Flevoland,SRC-076,Urk.pdf,T11,"Uitvoering, samenwerking, financiering en kennis",3,3,3,27,H14-3035; H14-3046; H14-3048; H14-3063; H14-3066; H14-3069; H14-3073; H14-3079; H14-3089; H14-3093; H14-3095; H14-3096; H14-3098; H14-3102; H14-3106; H14-3107; H14-3108; H14-3117; H14-3123; H14-3125; H14-3127; H14-3128; H14-3130; H14-3134; H14-3137; H14-3138; H14-3139,9; 18; 19; 20; 22; 28; 49; 50; 53; 55; 56; 57; 62,H14 volledige herlezing; gevalideerde eerdere codering plus nieuwe passages
Utrecht,Rechtstreeks,Rechtstreeks,Utrecht,SRC-077,Utrecht.pdf,T01,Verkeersveiligheid en veilig verkeersgedrag,3,3,3,11,H14-3141; H14-3154; H14-3157; H14-3172; H14-3178; H14-3181; H14-3194; H14-3196; H14-3207; H14-3210; H14-3211,7; 21; 22; 23; 24; 73; 80,H14 volledige herlezing; gevalideerde eerdere codering plus nieuwe passages
Utrecht,Rechtstreeks,Rechtstreeks,Utrecht,SRC-077,Utrecht.pdf,T02,"Lopen, fietsen en actieve mobiliteit",3,3,3,27,H14-3143; H14-3145; H14-3146; H14-3147; H14-3149; H14-3153; H14-3154; H14-3158; H14-3161; H14-3163; H14-3165; H14-3169; H14-3170; H14-3175; H14-3177; H14-3179; H14-3182; H14-3183; H14-3184; H14-3187; H14-3188; H14-3192; H14-3193; H14-3196; H14-3199; H14-3210; H14-3211,10; 11; 21; 22; 23; 24; 80,H14 volledige herlezing; gevalideerde eerdere codering plus nieuwe passages
Utrecht,Rechtstreeks,Rechtstreeks,Utrecht,SRC-077,Utrecht.pdf,T03,"Openbaar, collectief en vraagafhankelijk vervoer",3,3,3,8,H14-3143; H14-3156; H14-3184; H14-3190; H14-3196; H14-3203; H14-3204; H14-3212,10; 21; 23; 24; 51; 81,H14 volledige herlezing; gevalideerde eerdere codering plus nieuwe passages
Utrecht,Rechtstreeks,Rechtstreeks,Utrecht,SRC-077,Utrecht.pdf,T04,"Autoverkeer, wegennet, doorstroming en ontsluiting",2,2,2,3,H14-3143; H14-3180; H14-3185,10; 23,H14 volledige herlezing; gevalideerde eerdere codering plus nieuwe passages
Utrecht,Rechtstreeks,Rechtstreeks,Utrecht,SRC-077,Utrecht.pdf,T05,Parkeren en ruimte voor stilstaande mobiliteit,2,3,3,18,H14-3146; H14-3148; H14-3151; H14-3155; H14-3159; H14-3162; H14-3164; H14-3166; H14-3167; H14-3168; H14-3173; H14-3175; H14-3186; H14-3189; H14-3191; H14-3195; H14-3206; H14-3208,11; 20; 21; 22; 23; 63; 73,H14 volledige herlezing; gevalideerde eerdere codering plus nieuwe passages
Utrecht,Rechtstreeks,Rechtstreeks,Utrecht,SRC-077,Utrecht.pdf,T06,"Mobiliteit in ruimte, woningbouw en leefomgeving",2,3,2,7,H14-3142; H14-3150; H14-3151; H14-3162; H14-3185; H14-3200; H14-3209,8; 20; 21; 23; 28; 78,H14 volledige herlezing; gevalideerde eerdere codering plus nieuwe passages
Utrecht,Rechtstreeks,Rechtstreeks,Utrecht,SRC-077,Utrecht.pdf,T07,"Duurzame, gedeelde en slimme mobiliteit",2,3,2,8,H14-3143; H14-3144; H14-3152; H14-3171; H14-3174; H14-3175; H14-3176; H14-3197,10; 20; 22; 24,H14 volledige herlezing; gevalideerde eerdere codering plus nieuwe passages
Utrecht,Rechtstreeks,Rechtstreeks,Utrecht,SRC-077,Utrecht.pdf,T08,Toegankelijke en betaalbare mobiliteit; bereikbaarheid van kernen,2,2,3,4,H14-3203; H14-3204; H14-3205; H14-3212,51; 81,H14 gerichte anomaliecontrole volgens inclusie-/exclusieregel
Utrecht,Rechtstreeks,Rechtstreeks,Utrecht,SRC-077,Utrecht.pdf,T09,"Goederenvervoer, logistiek en bijzondere vervoersstromen",1,3,1,3,H14-3160; H14-3174; H14-3197,21; 22; 24,H14 volledige herlezing; gevalideerde eerdere codering plus nieuwe passages
Utrecht,Rechtstreeks,Rechtstreeks,Utrecht,SRC-077,Utrecht.pdf,T10,"Beheer, onderhoud en civiele infrastructuur",2,2,2,2,H14-3201; H14-3202,31,H14 volledige herlezing; gevalideerde eerdere codering plus nieuwe passages
Utrecht,Rechtstreeks,Rechtstreeks,Utrecht,SRC-077,Utrecht.pdf,T11,"Uitvoering, samenwerking, financiering en kennis",3,3,3,8,H14-3140; H14-3158; H14-3179; H14-3185; H14-3188; H14-3196; H14-3198; H14-3212,5; 21; 23; 24; 81,H14 volledige herlezing; gevalideerde eerdere codering plus nieuwe passages
Vaals,Via regio,RMO Zuid-Limburg,Limburg,SRC-078,Vaals.pdf,T01,Verkeersveiligheid en veilig verkeersgedrag,2,1,2,1,H14-3213,9,H14 volledige herlezing; gevalideerde eerdere codering plus nieuwe passages
Vaals,Via regio,RMO Zuid-Limburg,Limburg,SRC-078,Vaals.pdf,T02,"Lopen, fietsen en actieve mobiliteit",0,0,0,0,,,H14: geen inhoudelijke passage aangetroffen
Vaals,Via regio,RMO Zuid-Limburg,Limburg,SRC-078,Vaals.pdf,T03,"Openbaar, collectief en vraagafhankelijk vervoer",3,2,2,3,H14-3213; H14-3214; H14-3216,9,H14 volledige herlezing; gevalideerde eerdere codering plus nieuwe passages
