,,,,,,,,,,,,,,,,,,,,,
Register van alle aangetroffen bestanden,,,,,,,,,,,,,,,,,,,,,
Overgenomen uit de goedgekeurde invoercontrole; exacte bestandsnamen en classificaties blijven behouden.,,,,,,,,,,,,,,,,,,,,,
,,,,,,,,,,,,,,,,,,,,,
source_id,zipdeel,pad in bronset,bestandsnaam,gemeente of regio,aansluittype,regio,documenttype,bestuursperiode,pagina's,tekstkwaliteit,teksttekens,tekens/pagina,analyse_status,primair telbaar,omvang MB,SHA-256,metadata titel,versleuteld,PDF-versie,opmerking,exacte hash-doublure
SRC-001,Deel 1,part1/Aa en Hunze.pdf,Aa en Hunze.pdf,Aa en Hunze,Rechtstreeks,,GEMEENTELIJKE_BRON,2026–2030,15,Goed,29881,1992.1,Gereed,Ja,7.35,6dfa18c277e4ac1dab6dd851d3c26b9c28b18c48734e37cbc6c2f7a4c3220d9c,,no,1.4,,Nee
SRC-002,Deel 1,part1/Alkmaar.pdf,Alkmaar.pdf,Alkmaar,Rechtstreeks,,GEMEENTELIJKE_BRON,2026–2030,54,Goed,108096,2001.8,Gereed,Ja,2.57,bef969635784f3b34ad4bc85ba4e299ba522853af5fcf38175c9a51281f4a907,,no,1.5,,Nee
SRC-003,Deel 1,part1/Almelo.pdf,Almelo.pdf,Almelo,Rechtstreeks,,GEMEENTELIJKE_BRON,2026–2030,23,Goed,67855,2950.2,Gereed,Ja,4.35,1a1ae2ba8ff61f6c14f1902f33c83bb20aef158467f264078260ce180ade4503,,no,1.7,,Nee
SRC-004,Deel 1,part1/Almere 2026.pdf,Almere 2026.pdf,Almere,Rechtstreeks,,GEMEENTELIJKE_BRON,2026–2030,38,Goed,47811,1258.2,Gereed,Ja,4.79,8d5684c3184e55ca04c64e492033392971c56cfd85d032fd2a88283613be1ea1,,no,1.7,,Nee
SRC-005,Deel 1,part1/Alphen.pdf,Alphen.pdf,Alphen aan den Rijn,Rechtstreeks,,GEMEENTELIJKE_BRON,2026–2030,64,Goed,136956,2139.9,Gereed,Ja,4.7,2bcbe52f4e3dc9e0e0b272b32e9fbd91775be9b63efd35a2b13550a7a3242c51,Coalitieakkoord Alphen aan den Rijn 2026 – 2030,no,1.7,Bestandsnaam afgekort; gekoppeld aan Alphen aan den Rijn.,Nee
SRC-006,Deel 1,part1/Altena.pdf,Altena.pdf,Altena,Rechtstreeks,,GEMEENTELIJKE_BRON,2026–2030,32,Goed,31106,972.1,Gereed,Ja,24.65,e87a243fadfccfb9a3120671c68a26eb03531cb25d1241a60162872d192f439d,A4-Bestuursakkoord-2026-2030,no,1.7,,Nee
SRC-007,Deel 1,part1/Amesfoort.pdf,Amesfoort.pdf,Amersfoort,Rechtstreeks,,GEMEENTELIJKE_BRON,2026–2030,56,Goed,70760,1263.6,Gereed,Ja,6.74,1c1ce8fb4c49dbf539e11170f9ac3d2de569876f3a2beda922e869f8b05c53ba,Coalitieakkoord 2026 - 2030 Stad in Verbinding,no,1.7,Bestandsnaam bevat typefout; gekoppeld aan Amersfoort.,Nee
SRC-008,Deel 1,part1/Amsterdam.pdf,Amsterdam.pdf,Amsterdam,Rechtstreeks,,GEMEENTELIJKE_BRON,2026–2030,70,Goed,136414,1948.8,Gereed,Ja,5.52,73b8d826d02a1e80aa99760cba240e10ca033e4bf426e3010dc55f4d762b7c25,Samen bouwen aan de kansen van de jeugd,no,1.4,,Nee
SRC-009,Deel 1,part1/Apeldoorn.pdf,Apeldoorn.pdf,Apeldoorn,Rechtstreeks,,GEMEENTELIJKE_BRON,2026–2030,35,Goed,45446,1298.5,Gereed,Ja,8.28,6355501cd1b546907bf486460da2488b500e2c2f61a274693d8e37fd2d0dadf9,Coalitieakkoord 2026-2030,no,1.7,,Nee
SRC-010,Deel 1,part1/Arnhem.pdf,Arnhem.pdf,Arnhem,Rechtstreeks,,GEMEENTELIJKE_BRON,2026–2030,34,Goed,100743,2963,Gereed,Ja,0.59,507f2e0d803b692b7047e4e0264e1c5178decabe931821ae611a29e8f57c07aa,Arnhems coalitieakkoord 2026-2030,no,1.7,,Nee
SRC-011,Deel 1,part1/Barneveld.pdf,Barneveld.pdf,Barneveld,Rechtstreeks,,GEMEENTELIJKE_BRON,2026–2030,37,Goed,59419,1605.9,Gereed,Ja,3.95,18ff15f991c0e1eeb09be60cc1f4a9f089b85b5c399f400144d1918e6dac1e39,Coaliteakkoord 2026-2030,no,1.7,,Nee
SRC-012,Deel 1,part1/Beek.pdf,Beek.pdf,Beek,Via regio,RMO Zuid-Limburg,GEMEENTELIJKE_BRON,2026–2030,16,Goed,11511,719.4,Gereed,Ja,0.12,c5f8b1bba7ba1a46f0532a1e143c4f067133a61cb60797dd9dd9068327a7abde,,no,1.7,,Nee
SRC-013,Deel 1,part1/Beekdaelen.pdf,Beekdaelen.pdf,Beekdaelen,Via regio,RMO Zuid-Limburg,GEMEENTELIJKE_BRON,2026–2030,48,Goed,87320,1819.2,Gereed,Ja,21.8,a9dd1d74ef7c77dcdbfa9d4a4cef03da77974ffc36b7a32895a72be261859cae,Informatievisie Beekdaelen 2025 - 2030,no,1.4,"PDF-metadata noemt ‘Informatievisie Beekdaelen 2025–2030’, maar titelblad en inhoud zijn het coalitieprogramma 2026–2030.",Nee
SRC-014,Deel 1,part1/Beesel.pdf,Beesel.pdf,Beesel,Via regio,RMO Noord-Limburg / Trendsportal,GEMEENTELIJKE_BRON,2026–2030,15,Goed,34540,2302.7,Gereed,Ja,7.8,4090bd377f89e3f4f6e3b2889d2d8733f5fdcb0221d803f0b33aa37ec22009cb,,no,1.4,,Nee
SRC-015,Deel 1,part1/Berg en Dal.pdf,Berg en Dal.pdf,Berg en Dal,Via regio,Regio Arnhem-Nijmegen,GEMEENTELIJKE_BRON,2026–2030,15,Goed,27034,1802.3,Gereed,Ja,0.31,a493e104277b7206cd674083a7cfc12d0df3325e79b70d9dc7c19d5355b953f8,,no,1.7,,Nee
SRC-016,Deel 1,part1/Bergen.pdf,Bergen.pdf,Bergen (L.),Via regio,RMO Noord-Limburg / Trendsportal,GEMEENTELIJKE_BRON,2026–2030,16,Goed,14263,891.4,Gereed,Ja,1.1,35bc2217e7c81e18445c23191a4d4f4991b8df3607c5a06ff1187f380329d4d4,,no,1.4,"Gekoppeld aan Bergen (L.), niet Bergen (NH.).",Nee
SRC-017,Deel 1,part1/Beuningen.pdf,Beuningen.pdf,Beuningen,Via regio,Regio Arnhem-Nijmegen,GEMEENTELIJKE_BRON,2026–2030,23,Goed,29718,1292.1,Gereed,Ja,10.54,bab8b91bf1bc7e70b3e70a7d7188f911457787f37d8deb3d28fc32c45f5185c7,,no,1.6,,Nee
SRC-018,Deel 1,part1/Beverwijk.pdf,Beverwijk.pdf,Beverwijk,Rechtstreeks,,GEMEENTELIJKE_BRON,2026–2030,28,Goed,38465,1373.8,Gereed,Ja,22.45,a570eea9d0707d340fd71bfbc4ab1b15935733582e07b44c16cb22910fa26fa9,ISO 15930 - Electronic document file format for prepress digital data exchange (PDF/X),no,1.6,,Nee
SRC-019,Deel 1,part1/Breda.pdf,Breda.pdf,Breda,Rechtstreeks,,GEMEENTELIJKE_BRON,2026–2030,45,Goed,138407,3075.7,Gereed,Ja,3.47,00b6a0fa12882a8c66f0c441cf0fc4033ef5051990d2ca14fd83b7faddc48373,Bestuursakkoord,no,1.7,,Nee
SRC-020,Deel 1,part1/Brunssum.pdf,Brunssum.pdf,Brunssum,Via regio,RMO Zuid-Limburg,GEMEENTELIJKE_BRON,2026–2030,17,Goed,31057,1826.9,Gereed,Ja,0.12,88e2a3ca65c106fa551ea9ac86a55ad51ef05e8c4e393ec0befc4fa6f3f1c31d,,no,1.7,,Nee
SRC-021,Deel 1,part1/Coevorden.pdf,Coevorden.pdf,Coevorden,Rechtstreeks,,GEMEENTELIJKE_BRON,2026–2030,15,Goed,35940,2396,Gereed,Ja,3.01,168ed14f0d5779598813582ac9091962a502ef1c5498226bc849f9318658fbb2,Samen bouwen aan een sterke toekomst - Coalitieakkoord 2026-230 - Gemeente Coevorden,no,1.7,PDF-metadata bevat periodefout ‘2026-230’; titelblad toont 2026–2030.,Nee
SRC-022,Deel 1,part1/Culembourg.pdf,Culembourg.pdf,Culemborg,Rechtstreeks,,GEMEENTELIJKE_BRON,2026–2030,32,Goed,54286,1696.4,Gereed,Ja,2.49,a2e2e64264de6a3e67fbfcdbdcdd8e4cc70630245ba4645456d7a8a3915a2bc7,Coalitieakkoord 2026-2030,no,1.7,Bestandsnaam gebruikt onjuiste spelling; gekoppeld aan Culemborg.,Nee
SRC-023,Deel 1,part1/Den Haag.pdf,Den Haag.pdf,Den Haag,Rechtstreeks,,GEMEENTELIJKE_BRON,2026–2030,51,Goed,151245,2965.6,Gereed,Ja,8.02,0ed364aa37e9ba7249aeecb2c3f6737881144bc9f07bcbcc9dcb0229a7f0f649,"Coalitieakkoord 2026-2030 'Voor Den Haag, met Den Haag'",no,1.7,,Nee
SRC-024,Deel 1,part1/Deventer.pdf,Deventer.pdf,Deventer,Rechtstreeks,,GEMEENTELIJKE_BRON,2026–2030,56,Goed,113944,2034.7,Gereed,Ja,5.17,de6735cf67b41520c731338bf186080e224db0dd52c814082bd934fc4ab6b7dd,Coalitieakkoord 2026-2030,no,1.7,,Nee
SRC-025,Deel 1,part1/Doesburg.pdf,Doesburg.pdf,Doesburg,Via regio,Regio Arnhem-Nijmegen,GEMEENTELIJKE_BRON,2026–2030,13,Goed,17045,1311.2,Gereed,Ja,3.92,49de5863f19b00cf931fc3d2ee59e795137b8274c0039fa850b1278cb13ac6ce,,no,1.7,,Nee
SRC-026,Deel 1,part1/Doetinchem.pdf,Doetinchem.pdf,Doetinchem,Rechtstreeks,,GEMEENTELIJKE_BRON,2026–2030,27,Goed,60204,2229.8,Gereed,Ja,1.73,ca11b51c5ff810d668acd9b7ccc4767d198f68f1f509651f8bcadd2e2b548b5f,Coalitieagenda 2026-2030 Samen & met lef,no,1.7,,Nee
SRC-027,Deel 1,part1/Dordrecht.pdf,Dordrecht.pdf,Dordrecht,Rechtstreeks,,GEMEENTELIJKE_BRON,2026–2030,72,Goed,117787,1635.9,Gereed,Ja,8.46,8698400fb72484b84c9b0947fbe76951d9db5b5e8c116e01e7739503f6468f6c,Coalitieakkoord 2026-2030 Gemeent Dordrecht,no,1.7,,Nee
SRC-028,Deel 1,part1/Druten.pdf,Druten.pdf,Druten,Via regio,Regio Arnhem-Nijmegen,GEMEENTELIJKE_BRON,2026–2030,44,Goed,36633,832.6,Gereed,Ja,7.04,70088a4458d0aceab32985370007878e5e4549b177cc3dc8e52189e6075fbe79,,no,1.5,,Nee
SRC-029,Deel 1,part1/Duiven.pdf,Duiven.pdf,Duiven,Via regio,Regio Arnhem-Nijmegen,GEMEENTELIJKE_BRON,2026–2030,12,Goed,20796,1733,Gereed,Ja,5.44,cfee023d97b2b17c62741e50bc980f9870521fbeb0e732752b07b0c665596487,,no,1.7,,Nee
SRC-030,Deel 1,part1/Ede.pdf,Ede.pdf,Ede,Rechtstreeks,,GEMEENTELIJKE_BRON,2026–2030,31,Goed,94338,3043.2,Gereed,Ja,7.28,25be6a6fe1413f797b10c1e173794487ba8630bc98e1ce8b8543b0911cceabe3,Bestuursakkoord 2026 - 2030,no,1.7,,Nee
SRC-031,Deel 1,part1/Eijsden-Margraten.pdf,Eijsden-Margraten.pdf,Eijsden-Margraten,Via regio,RMO Zuid-Limburg,GEMEENTELIJKE_BRON,2026–2030,26,Goed,45046,1732.5,Gereed,Ja,4.49,e6efdfdd14591b5027cc11c1f6b592440017fe7590ad1b1583fd43f48cab0a7a,,no,1.4,,Nee
SRC-032,Deel 1,part1/Eindhoven.pdf,Eindhoven.pdf,Eindhoven,Rechtstreeks,,GEMEENTELIJKE_BRON,2026–2030,57,Goed,105520,1851.2,Gereed,Ja,1.82,7d3481b560c898cd4128513fb0417e9a81f01bf095865a791772162f720c6fb8,Coalitieakkoord 2026,no,1.7,,Nee
SRC-033,Deel 1,part1/Emmen.pdf,Emmen.pdf,Emmen,Rechtstreeks,,GEMEENTELIJKE_BRON,2026–2030,23,Goed,81056,3524.2,Gereed,Ja,1.53,2e5c1bd60e6037a282461eed509d37123e34dd22fdf9c94d82ef8af3aabea649,Coalitieakkoord gemeente Emmen 2026-2030: Samen bouwen aan de toekomst van de gemeente Emmen,no,1.7,,Nee
SRC-034,Deel 1,part1/Enschede.pdf,Enschede.pdf,Enschede,Rechtstreeks,,GEMEENTELIJKE_BRON,2026–2030,51,Goed,109886,2154.6,Gereed,Ja,5.21,6a9a4df143448c7b2f27d9c5dd23407b6f87676e7e091ea8b50b55e415c584d8,Coalitieakkoord gemeente Enschede 2026-2030,no,1.7,,Nee
SRC-035,Deel 1,part1/Gennep.pdf,Gennep.pdf,Gennep,Via regio,RMO Noord-Limburg / Trendsportal,GEMEENTELIJKE_BRON,2026–2030,34,Goed,54560,1604.7,Gereed,Ja,2.43,33151458f1dc83506c19bf945a65a49d46219fe1337e544ebe1765442a9b9e67,,no,1.4,,Nee
SRC-036,Deel 1,part1/Groningen.pdf,Groningen.pdf,Groningen,Rechtstreeks,,GEMEENTELIJKE_BRON,2026–2030,47,Goed,149213,3174.7,Gereed,Ja,4.44,ac66bfaeb45aef774d6d617270e1bcfb0c6de8b9589d3efe8da1081bc7055257,,no,1.5,,Nee
SRC-037,Deel 1,part1/Gulpen-Wittem.pdf,Gulpen-Wittem.pdf,Gulpen-Wittem,Via regio,RMO Zuid-Limburg,GEMEENTELIJKE_BRON,2026–2030,34,OCR,0,0,Nader controleren,Ja – na OCR,12.58,44baa63f984e3c57ecda1538bd918058caa8e54629705a2f6469411b7470aedb,Bijlage - Coalitieakkoord Gulpen-Wittem - iBabs versie (B.26.02775).pdf,no,1.7,Volledig beeld-PDF zonder tekstlaag; OCR vereist vóór inhoudelijke analyse.,Nee
SRC-038,Deel 1,part1/Haarlem.pdf,Haarlem.pdf,Haarlem,Rechtstreeks,,GEMEENTELIJKE_BRON,2026–2030,30,Goed,62387,2079.6,Gereed,Ja,3.79,39b0dac4c7135a07318d8ffec69cf252a966cdf8d8c1065342706af91b6370cd,Coalitieakkoord 2026-2030,no,1.7,,Nee
SRC-039,Deel 1,part1/Harderberg.pdf,Harderberg.pdf,Hardenberg,Rechtstreeks,,GEMEENTELIJKE_BRON,2026–2030,36,Goed,35066,974.1,Gereed,Ja,2.77,520741113da4e0cb1dde2db7e199a415e8584cad1c60f4e210eb41b399c8838c,"Goed voor elkaar, hoofdlijnenakkoord 2026-2030",no,1.7,Bestandsnaam bevat typefout; gekoppeld aan Hardenberg.,Nee
SRC-040,Deel 1,part1/Heerlen.pdf,Heerlen.pdf,Heerlen,Via regio,RMO Zuid-Limburg,GEMEENTELIJKE_BRON,2026–2030,47,Goed,102349,2177.6,Gereed,Ja,0.74,bbfea6170a433c7e64976703d25711a043d726aa3b299282041c0bb3e4897155,Heerlens Coalitieakkoord 2026 - 2030,no,1.7,,Nee
SRC-041,Deel 1,part1/Helmond.pdf,Helmond.pdf,Helmond,Rechtstreeks,,GEMEENTELIJKE_BRON,2026–2030,26,Goed,81136,3120.6,Gereed,Ja,8.8,40c33960bfb935e1a50fd306a989d24ba303ac45acd14e8f6771fe772ee1cffa,Coalitieakkoord 2026-2030,no,1.7,,Nee
SRC-042,Deel 1,part1/Heumen.pdf,Heumen.pdf,Heumen,Via regio,Regio Arnhem-Nijmegen,GEMEENTELIJKE_BRON,2026–2030,12,Goed,21851,1820.9,Gereed,Ja,1.55,9a9b066aaad29c2d87d094dbd3496b8165603bc37480b4c9b85a1a7dceafd376,Microsoft Word - 20262526_Conceptcoalitieakkoord_v6 - getekend,no,1.7,,Nee
SRC-043,Deel 1,part1/Hogeland.pdf,Hogeland.pdf,Het Hogeland,Via regio,Regio Groningen-Assen,GEMEENTELIJKE_BRON,2026–2030,19,Goed,63062,3319.1,Gereed,Ja,1.96,8af923f9423b126e194007fadcc06ff5b6cd71242535a91aa7fe42ca48acc2d6,,no,1.5,Bestandsnaam afgekort; gekoppeld aan Het Hogeland.,Nee
SRC-044,Deel 1,part1/Horst aan de Maas.pdf,Horst aan de Maas.pdf,Horst aan de Maas,Via regio,RMO Noord-Limburg / Trendsportal,GEMEENTELIJKE_BRON,2026–2030,120,Goed,91548,762.9,Gereed,Ja,11.73,624e8013d7c5d7825c924a966a4779e74a4a249087a7d49dbf5dd1d9c4117bb1,Gemeentee Horst aan de Maas. Trots!.  Bestuursakkoord 2026 - 2030,no,1.7,,Nee
SRC-045,Deel 1,part1/Houten.pdf,Houten.pdf,Houten,Rechtstreeks,,GEMEENTELIJKE_BRON,2026–2030,51,Goed,88938,1743.9,Gereed,Ja,2.34,d72b3b8751343975f5c8703289d65ce1f9210d822923ab8da26ea57d1ff5ccc2,,no,1.7,,Nee
SRC-046,Deel 1,part1/Kerkrade.pdf,Kerkrade.pdf,Kerkrade,Via regio,RMO Zuid-Limburg,GEMEENTELIJKE_BRON,2026–2030,28,OCR,0,0,Nader controleren,Ja – na OCR,10.4,d9061913c72accee7e93db677b5f77a324a889e2966bb45d28e58af5663c2e05,,no,1.7,Volledig beeld-PDF zonder tekstlaag; OCR vereist vóór inhoudelijke analyse.,Nee
SRC-047,Deel 1,part1/Landgraaf.pdf,Landgraaf.pdf,Landgraaf,Via regio,RMO Zuid-Limburg,GEMEENTELIJKE_BRON,2026–2030,30,Goed,29566,985.5,Gereed,Ja,18.7,fae25e547512fb71b958254316ae2f53c4a848f75b59ebdff6276830737e3559,Coalitieconvenant,no,1.4,,Nee
SRC-048,Deel 1,part1/Leeuwarden.pdf,Leeuwarden.pdf,Leeuwarden,Rechtstreeks,,GEMEENTELIJKE_BRON,2026–2030,27,Goed,101408,3755.9,Gereed,Ja,6.52,4b596089e91ff01245c1ca73daa5315e94ef4a485ae4425af4669b7b8ad90e89,Coalitieakkoord gemeente Leeuwarden 2026 - 2030,no,1.7,,Nee
SRC-049,Deel 1,part1/Leiden.pdf,Leiden.pdf,Leiden,Rechtstreeks,,GEMEENTELIJKE_BRON,2022–2026,32,Goed,48514,1516.1,Uitgesloten – geen inhoudelijk akkoord 2026–2030,Nee,6.52,5ee1f34e8390d7a0721061c5749b2b2cfb55ecbe42324a0f45d1308dd2b0aa0c,Samen leven in Leiden - Beleidsakkoord Gemeente Leiden 2022-2026,no,1.7,Aangeleverd document is het beleidsakkoord 2022–2026. Voor 2026–2030 is volgens de opdrachtgever geen inhoudelijk akkoord gesloten.,Nee
SRC-050,Deel 1,part1/Lelystad.pdf,Lelystad.pdf,Lelystad,Rechtstreeks,,GEMEENTELIJKE_BRON,2026–2030,11,Goed,15462,1405.6,Gereed,Ja,0.16,480412510b62cf7d835e5c3fbe84275ae2aac32834784b1a739648fe4b901970,HOOFDLIJNENAKKOORD 2026-2030 (v1),no,1.3,,Nee
SRC-051,Deel 1,part1/Lingewaard.pdf,Lingewaard.pdf,Lingewaard,Via regio,Regio Arnhem-Nijmegen,GEMEENTELIJKE_BRON,2026–2030,21,Goed,48456,2307.4,Gereed,Ja,4.52,e7bef76c0cbaaf27c5cee55424aead2e2d4c2367564eb2b120cb68f39928adec,ISO 15930 - Electronic document file format for prepress digital data exchange (PDF/X),no,1.3,,Nee
SRC-052,Deel 1,part1/Maastricht.pdf,Maastricht.pdf,Maastricht,Via regio,RMO Zuid-Limburg,GEMEENTELIJKE_BRON,2026–2030,26,Goed,75453,2902,Gereed,Ja,2.72,b0e46f9a655a0133c7ccd31b0dd11fc1c39d6784ccfcc6a7bafee340a15e0822,,no,1.7,,Nee
SRC-053,Deel 1,part1/Meerssen.pdf,Meerssen.pdf,Meerssen,Via regio,RMO Zuid-Limburg,GEMEENTELIJKE_BRON,2026–2030,40,Goed,65871,1646.8,Gereed,Ja,1.81,34929b09fe8251fb7aec62c520872c3db36a038c341cd0a70412e8ee92ae27af,,no,1.5,,Nee
SRC-054,Deel 1,part1/Middelburg.pdf,Middelburg.pdf,Middelburg,Rechtstreeks,,GEMEENTELIJKE_BRON,2026–2030,36,Goed,62942,1748.4,Gereed,Ja,1.32,e3c4a16ee3dfc4d5b273a06c383c70df939aceef525c7c5becb3f57e5571b03b,,no,1.5,,Nee
SRC-055,Deel 1,part1/Midden Groningen.pdf,Midden Groningen.pdf,Midden-Groningen,Via regio,Regio Groningen-Assen,GEMEENTELIJKE_BRON,2026–2030,30,Goed,51095,1703.2,Gereed,Ja,8.16,2ef30a413c80a115b5419b5713b96552443023f83598b52ffb7224e11fcd9521,,no,1.4,,Nee
SRC-056,Deel 1,part1/Montferland.pdf,Montferland.pdf,Montferland,Via regio,Regio Arnhem-Nijmegen,GEMEENTELIJKE_BRON,2026–2030,21,Goed,42809,2038.5,Gereed,Ja,52.32,14c170a9fe8bc5785253ced3f2de61786cb586763eeb43dad7b5717f2dea89e8,,no,1.4,,Nee
SRC-057,Deel 1,part1/Mook en middelaar.pdf,Mook en middelaar.pdf,Mook en Middelaar,Via regio,RMO Noord-Limburg / Trendsportal,GEMEENTELIJKE_BRON,2026–2030,21,Goed,40136,1911.2,Gereed,Ja,4.98,506a0aba57d9c401d7689163eec8e1c98f90abb8324652858c55dfd779cca628,Microsoft Word - Coalitieakkoord beveiligd,no,1.7,,Nee
SRC-058,Deel 2,part2/Nijmegen.pdf,Nijmegen.pdf,Nijmegen,Rechtstreeks,,GEMEENTELIJKE_BRON,2026–2030,31,Goed,89294,2880.5,Gereed,Ja,5.13,6cb6e2cda89b4546a3f8fb2305b08f587b738991a4ffdd7733587b11ffc86ca4,Coalitieakkoord 2026-2030-Groeien met lef,no,1.7,,Nee
SRC-059,Deel 2,part2/Noord Limbrg Regio 2026.pdf,Noord Limbrg Regio 2026.pdf,RMO Noord-Limburg / Trendsportal,Regio,RMO Noord-Limburg / Trendsportal,OFFICIEEL_REGIONAAL_BELEID,Jaarplan 2026,24,Goed,23960,998.3,Gereed,Nee – alleen kwalitatief,2.87,3901b098135b5cd371a808f35f509d29126fa35a10fce857a2cef6f2e2294f0a,,no,1.7,"Origineel Jaarplan 2026 van Trendsportal; kwalitatieve regionale bron, niet telbaar als gemeentelijk akkoord.",Nee
SRC-060,Deel 2,part2/Noord Limbrg Regio.pdf,Noord Limbrg Regio.pdf,RMO Noord-Limburg / Trendsportal,Regio,RMO Noord-Limburg / Trendsportal,OFFICIEEL_REGIONAAL_BELEID,Mobiliteitsambitie 2022,16,Goed,19048,1190.5,Gereed,Nee – alleen kwalitatief,4.23,b20d35bd588fe0ae0ab861c51faa8b8dcb235312e1cdb69d3545eb7e4a4828bd,,no,1.4,"Originele Mobiliteitsambitie Noord-Limburg; aanvullend op het Jaarplan 2026, geen doublure.",Nee
SRC-061,Deel 2,part2/Noordoostpolder.pdf,Noordoostpolder.pdf,Noordoostpolder,Rechtstreeks,,GEMEENTELIJKE_BRON,2026–2030,19,Goed,38029,2001.5,Gereed,Ja,1.53,08a5a1f28c93f7dd5d5ee5ffbc066e5875fbe728b282cf86b3c0e6e29935ee8a,Coalitieakkoord 2026-2030,no,1.6,,Nee
SRC-062,Deel 2,part2/Peel en Maas.pdf,Peel en Maas.pdf,Peel en Maas,Via regio,RMO Noord-Limburg / Trendsportal,GEMEENTELIJKE_BRON,2026–2030,33,Goed,55252,1674.3,Gereed,Ja,5.42,f35ac2da48b22512dc2e951425b2b712b6956ff21611e486be7605d0c5833f78,De toekomst begint vandaag - Coalitieakkoord Peel en Maas 2026 - 2030,no,1.7,,Nee
SRC-063,Deel 2,part2/Purmerend.pdf,Purmerend.pdf,Purmerend,Rechtstreeks,,GEMEENTELIJKE_BRON,2026–2030,29,Goed,66938,2308.2,Gereed,Ja,72.33,e451f68bdafeb6543c78f24b58aad736c6016577892dc71ee4ec19d9f0bbfa05,Coalitieakkoord - Vertrouwen als vertrekpunt,no,1.7,,Nee
SRC-064,Deel 2,part2/Regio Arnhem Nijmegen.pdf,Regio Arnhem Nijmegen.pdf,Regio Arnhem-Nijmegen,Regio,Regio Arnhem-Nijmegen,OFFICIEEL_REGIONAAL_BELEID,2025–2028,76,Goed,113401,1492.1,Gereed,Nee – alleen kwalitatief,3.98,59d8a8c6bd743d898df7073d8a6075ceef520b694f0aa7fbc700ebe151b00625,Regionale Agenda 2025-2028,no,1.5,Originele Regionale Agenda en begroting. De ledenlijst in dit document is inmiddels verouderd: Mook en Middelaar staat erin; de actuele GNMI/GMR-indeling bevat Montferland.,Nee
SRC-065,Deel 2,part2/Regio Groningen-Assen 2026.pdf,Regio Groningen-Assen 2026.pdf,Regio Groningen-Assen,Regio,Regio Groningen-Assen,AFGELEIDE_SAMENVATTING,2026–2030,1,Goed,1499,1499,Uitgesloten,Nee,0.15,7372fb923f894d41c842e1514ce63d828331b1d23672644d3e59d1cc26b197d9,,no,1.7,Gemeentelijke aanbiedingsbrief over het Uitvoeringsprogramma. De genoemde bijlage met het eigenlijke uitvoeringsprogramma ontbreekt; daarom niet gebruiken als oorspronkelijke regionale beleidsbron.,Nee
SRC-066,Deel 2,part2/Regio Groningen-Asses.pdf,Regio Groningen-Asses.pdf,Regio Groningen-Assen,Regio,Regio Groningen-Assen,OFFICIEEL_REGIONAAL_BELEID,2026–2030,20,Goed,42922,2146.1,Gereed,Nee – alleen kwalitatief,16.95,9e8764da920e58fdbfb08fa562c1d20c7d2b15c389eb98fd04ed460e2ab3568a,,no,1.7,"Originele Toekomstagenda 2026–2030. Bestandsnaam bevat een typefout; tekstextractie heeft enige layoutruis, maar de hoofdtekst is bruikbaar.",Nee
SRC-067,Deel 2,part2/Regio Zuid Limburg.pdf,Regio Zuid Limburg.pdf,RMO Zuid-Limburg,Regio,RMO Zuid-Limburg,AFGELEIDE_SAMENVATTING,2026–2030,3,Goed,6597,2199,Uitgesloten,Nee,0.07,cea35ed3802fae0a42ddbd4896ec1a6fd39a532cff8db526795e87e7a5846ff5,,no,1.7,Raadsinformatiebrief die het Programmaplan samenvat. Het oorspronkelijke Programmaplan en de projectbladen ontbreken. De brief dateert 26 maart 2025 maar verwijst naar overleg van 10 september 2025; datum verifiëren.,Nee
SRC-068,Deel 2,part2/Renkum.pdf,Renkum.pdf,Renkum,Via regio,Regio Arnhem-Nijmegen,GEMEENTELIJKE_BRON,2026–2030,12,Goed,24750,2062.5,Gereed,Ja,2.11,cecee94c46e46bde4643d027fe56b54a134afabadda2943bf636d87cc21bd46a,Coalitieakkoord 2026-2030 Renkum: Met lef en vertrouwen,no,1.7,,Nee
SRC-069,Deel 2,part2/Rheden.pdf,Rheden.pdf,Rheden,Via regio,Regio Arnhem-Nijmegen,GEMEENTELIJKE_BRON,2026–2030,45,Goed,81433,1809.6,Gereed,Ja,2.07,94c8004b6bf6e67ea0e1f5e986503ee5e64de67f5c399e8410856ffd930831a9,,no,1.7,,Nee
SRC-070,Deel 2,part2/Rotterdam.pdf,Rotterdam.pdf,Rotterdam,Rechtstreeks,,GEMEENTELIJKE_BRON,2026–2030,76,Goed,125752,1654.6,Gereed,Ja,15.66,cf89b54ce6258b3e6a22a787f7fb33faf67dc5416bbed1a450ee78fcbc096e71,Coalitieakkoord Rotterdam 2026-2030 - Vaart maken,no,1.7,,Nee
SRC-071,Deel 2,part2/Rozendaal.pdf,Rozendaal.pdf,Rozendaal,Via regio,Regio Arnhem-Nijmegen,DUBBEL_OF_ANDERE_VERSIE,2022–2026,18,Goed,26158,1453.2,Uitgesloten – vervangen,Nee,0.39,e090652b970008d4784bce5b0fd477a00eeee509ba8ebd7acf76458eb4b6c570,,no,1.4,Oorspronkelijk akkoord 2022–2026; vervangen door SRC-093 (2026–2030).,Nee
SRC-072,Deel 2,part2/Simpelveld.pdf,Simpelveld.pdf,Simpelveld,Via regio,RMO Zuid-Limburg,GEMEENTELIJKE_BRON,2026–2030,10,Goed,21069,2106.9,Gereed,Ja,0.15,77b5cf681eb83a0398505d157d35164eb2e3cbede07d0dcda143d78ee9b7dda9,,no,1.3,,Nee
SRC-073,Deel 2,part2/Sittard-Geleen.pdf,Sittard-Geleen.pdf,Sittard-Geleen,Via regio,RMO Zuid-Limburg,GEMEENTELIJKE_BRON,2026–2030,36,Goed,42057,1168.2,Gereed,Ja,8.29,eddfd7ba358f1c29a95fcedddb588aacbb0dba89299be434656eb99660914f2b,Coalitieakkoord 2026-2030,no,1.7,,Nee
SRC-074,Deel 2,part2/Stein.pdf,Stein.pdf,Stein,Via regio,RMO Zuid-Limburg,GEMEENTELIJKE_BRON,2026–2030,35,Goed,60064,1716.1,Gereed,Ja,5.42,9e2c6eb780405d73a43792de402fe7cd42b23c36698d31508d05fed356e694a5,,no,1.7,,Nee
SRC-075,Deel 2,part2/Tilburg.pdf,Tilburg.pdf,Tilburg,Rechtstreeks,,GEMEENTELIJKE_BRON,2026–2030,78,Goed,118275,1516.3,Gereed,Ja,5.84,e538d92b0f60fd72b8db58d647d55409a7745960dd9cddeb49245bf869ce1046,,no,1.5,,Nee
SRC-076,Deel 2,part2/Urk.pdf,Urk.pdf,Urk,Rechtstreeks,,GEMEENTELIJKE_BRON,2026–2030,63,Goed,76043,1207,Gereed,Ja,13.98,a2f74210a9a38c1aacf719c43a0d472a84ac64741ea269676b0a95db7cd08289,,no,1.7,,Nee
SRC-077,Deel 2,part2/Utrecht.pdf,Utrecht.pdf,Utrecht,Rechtstreeks,,GEMEENTELIJKE_BRON,2026–2030,83,Goed,120853,1456.1,Gereed,Ja,11.55,a14f87ade3c6703fd53557d40d46960e2ece1a5b654d39f248f2b8d24e9cdeb3,Coalitieakkoord 2026-2030,no,1.7,,Nee
SRC-078,Deel 2,part2/Vaals.pdf,Vaals.pdf,Vaals,Via regio,RMO Zuid-Limburg,GEMEENTELIJKE_BRON,2026–2030,16,Goed,24324,1520.2,Gereed,Ja,1.76,d9e35c1c6291521faec3429bb8c8ee8958d1e985471b9de62fda9a5040e66ed9,,no,1.7,,Nee
SRC-079,Deel 2,part2/Valkenburg aan de Geul.pdf,Valkenburg aan de Geul.pdf,Valkenburg aan de Geul,Via regio,RMO Zuid-Limburg,GEMEENTELIJKE_BRON,2026–2030,19,Goed,45045,2370.8,Gereed,Ja,1.39,1caa95e3acd683c25562a2705b35ab399df1a5463ff2a75f15eb89db5a5aaf50,,no,1.7,,Nee
SRC-080,Deel 2,part2/Venlo.pdf,Venlo.pdf,Venlo,Rechtstreeks,,GEMEENTELIJKE_BRON,2026–2030,28,Goed,89778,3206.4,Gereed,Ja,7.63,fd8346c211558fbb61298ce1a797ee73fe4ca8b926e5a3adc80bf8c20b56fa38,Coalitieakkoord 2026-2030,no,1.7,,Nee
SRC-081,Deel 2,part2/Venray.pdf,Venray.pdf,Venray,Via regio,RMO Noord-Limburg / Trendsportal,GEMEENTELIJKE_BRON,2026–2030,28,Goed,51372,1834.7,Gereed,Ja,2.62,c0401c61da4b5f6229c713531d53647dea63f41c1bef7aaf3330de1afbc6be9b,Coalitieakkoord 2026 - 2023 Ruimte voor vooruitgang!,no,1.7,PDF-metadata bevat periodefout ‘2026-2023’; titelblad toont 2026–2030.,Nee
SRC-082,Deel 2,part2/Vijfheerenland.pdf,Vijfheerenland.pdf,Vijfheerenlanden,Rechtstreeks,,GEMEENTELIJKE_BRON,2026–2030,17,Goed,48081,2828.3,Gereed,Ja,5.81,69c7d65eb2141a220016612a6979cd508735ab1aa15ff893fc01bb2f2d0e6df5,Coalitieakkoord 2026-2030,no,1.7,Bestandsnaam mist slot-s; gekoppeld aan Vijfheerenlanden.,Nee
SRC-083,Deel 2,part2/Voerendaal.pdf,Voerendaal.pdf,Voerendaal,Via regio,RMO Zuid-Limburg,GEMEENTELIJKE_BRON,2026–2030,33,Goed,56760,1720,Gereed,Ja,0.42,f2361c9b855660331cdf331ca9c12d2b5decc5737d397dcabc389d68f4762d94,,no,1.7,Titelblad vermeldt concept (13 mei 2026); opdrachtgever bevestigt dat dit concept ongewijzigd is vastgesteld. Daarom telbaar als gemeentelijke bron.,Nee
SRC-084,Deel 2,part2/Waalwijk.pdf,Waalwijk.pdf,Waalwijk,Rechtstreeks,,GEMEENTELIJKE_BRON,2026–2030,25,Goed,52209,2088.4,Gereed,Ja,1.01,da9c9fc2a6673c9bf8feb7fb5893792243a7ec9f8b6880b23837fc5e14a4b254,,no,1.5,,Nee
SRC-085,Deel 2,part2/Westerkwartier.pdf,Westerkwartier.pdf,Westerkwartier,Via regio,Regio Groningen-Assen,GEMEENTELIJKE_BRON,2026–2030,17,Goed,43021,2530.6,Gereed,Ja,5.36,b555cb5ab472a12a53bde8c6a48fed862d91f2a1d10afda8ccedd9cf0d01e6c5,Samen zijn wij Westerkwartier,no,1.7,,Nee
SRC-086,Deel 2,part2/Westervoort.pdf,Westervoort.pdf,Westervoort,Via regio,Regio Arnhem-Nijmegen,GEMEENTELIJKE_BRON,2026–2030,9,Goed,12833,1425.9,Gereed,Ja,0.18,0ad070819fe7da213b8eaa9ed56b9454d393449d4439a09780cfc024d04c4737,,no,1.7,,Nee
SRC-087,Deel 2,part2/Westerwolde.pdf,Westerwolde.pdf,Westerwolde,Rechtstreeks,,DUBBEL_OF_ANDERE_VERSIE,2022–2026,8,Goed,12388,1548.5,Uitgesloten – vervangen,Nee,0.45,d4078215cf54b2d54804ad39020dd2f3d041cf30325590a35652feefab594098,,no,1.5,Oorspronkelijk akkoord 2022–2026; vervangen door SRC-094 (2026–2030).,Nee
SRC-088,Deel 2,part2/Wijchen.pdf,Wijchen.pdf,Wijchen,Via regio,Regio Arnhem-Nijmegen,GEMEENTELIJKE_BRON,2026–2030,23,Goed,35125,1527.2,Gereed,Ja,6.04,5b6ad8f48b1abeacf133704a4ef3d78e0ce428adcc2ebb863974bd1af1c6a105,Samen werken aan morgen,no,1.5,,Nee
SRC-089,Deel 2,part2/Zaanstad.pdf,Zaanstad.pdf,Zaanstad,Rechtstreeks,,GEMEENTELIJKE_BRON,2026–2030,41,Goed,98543,2403.5,Gereed,Ja,2.48,69836822d6967701a2daf8837b97439e0327c36144fd7c13c87cecd4ff91b72c,Coalitieakkoord 2026-2030,no,1.4,,Nee
SRC-090,Deel 2,part2/Zevenaar.pdf,Zevenaar.pdf,Zevenaar,Via regio,Regio Arnhem-Nijmegen,GEMEENTELIJKE_BRON,2026–2030,27,Goed,26566,983.9,Gereed,Ja,44.99,5a2bc45fe02983eb12b7c945114f1e84d4e08086d63bd56f8ddea95758a9da0c,,no,1.4,,Nee
SRC-091,Aanvulling 27-08-2026,supplement/Gouda_Samenlevingsakkoord_2026-2030.pdf,Gouda_Samenlevingsakkoord_2026-2030.pdf,Gouda,Rechtstreeks,,GEMEENTELIJKE_BRON,2026–2030,27,Goed,64604,2392.7,Gereed,Ja,2.8,3d64b830bcf7886f76281096b9ad592e16c76f86aee9f111fe05d0446696be7f,Samenwerken in Gouda,no,1.7,Nieuwe aanvulling; oorspronkelijk samenlevingsakkoord 2026–2030.,Nee
SRC-092,Aanvulling 27-08-2026,supplement/Overbetuwe_Coalitieakkoord_2026-2030.pdf,Overbetuwe_Coalitieakkoord_2026-2030.pdf,Overbetuwe,Via regio,Regio Arnhem-Nijmegen,GEMEENTELIJKE_BRON,2026–2030,19,Goed,32305,1700.3,Gereed,Ja,12.82,52f14a30705842a44d6ffbc4f33bb9708aa2d00b24ec41c21090668599ca9192,Coalitieakkoord Overbetuwe,no,1.4,Nieuwe aanvulling; oorspronkelijk coalitieakkoord 2026–2030.,Nee
SRC-093,Aanvulling 27-08-2026,supplement/Rozendaal_Coalitieakkoord_2026-2030.pdf,Rozendaal_Coalitieakkoord_2026-2030.pdf,Rozendaal,Via regio,Regio Arnhem-Nijmegen,GEMEENTELIJKE_BRON,2026–2030,3,Goed,4290,1430,Gereed,Ja,0.09,2e06513465543b265e51a661e8f525aec6b8ff5b40b4e16945cd4432dcbee154,,no,1.4,Actuele versie 2026–2030; vervangt SRC-071 (2022–2026).,Nee
SRC-094,Aanvulling 27-08-2026,supplement/Westerwolde_Coalitieakkoord_2026-2030.pdf,Westerwolde_Coalitieakkoord_2026-2030.pdf,Westerwolde,Rechtstreeks,,GEMEENTELIJKE_BRON,2026–2030,11,OCR,15,1.4,Nader controleren – OCR,Ja – na OCR,6.93,d5744747bda8ea6fd1aeba6e77ee06145ef00f6ee7281690e1166e63a74d3eb2,Coalitieakkoord 2026-2030 SamenWerken voor Westerwolde.pdf,no,1.5,Actuele versie 2026–2030; vervangt SRC-087. Beeld-PDF; OCR vereist vóór inhoudelijke analyse.,Nee
