,,
GNMI bronnen en bewijs,,
Concept 1.0 definitief | H14 gesloten op 17 september 2026.,,
,,
Onderdeel,Uitkomst,Toelichting
Doel,Controleerbare bron- en bewijstabel voor het GNMI-onderzoek.,"Iedere passage bevat gemeente, route/regio, exacte bestandsnaam en PDF-pagina."
Bewijspassages,3672,Alle H14-passages; één evidence-ID per regel.
Akkoord–themakoppelingen,935,"85 × 11, inclusief nullen."
Bronregister,94,"Alle aangetroffen PDF-instanties uit de invoercontrole, inclusief regionale en niet-primaire stukken."
Primair bewijs,Alleen oorspronkelijke gemeentelijke akkoorden.,Officieel regionaal beleid is uitsluitend vergelijkingsmateriaal; samenvattingen en eerdere analyses zijn uitgesloten.
OCR,73 pagina’s,OCR-status staat per passage vermeld.
Vaste bronuitzonderingen,Edam-Volendam; Leidschendam-Voorburg; Leiden,Zie bronnenregister en controleblad.
