H14-2496,Noordoostpolder,Rechtstreeks,Rechtstreeks,Flevoland,SRC-061,Noordoostpolder.pdf,10,18–19,Het is van groot belang dat Noordoostpolder goed bereikbaar is via de weg en het spoor.,T03,"T03: Spoor, stations, tram en metro",,1,2,Probleem,,Nee,Eerder gevalideerd bewijsanker; H14 herbevestigd
H14-2497,Noordoostpolder,Rechtstreeks,Rechtstreeks,Flevoland,SRC-061,Noordoostpolder.pdf,10,18–19,Ruimte voor ondernemerschap en innovatie We bieden ruimte aan ondernemers en zetten in op het versterken van het innovatieve karakter van Noordoost polder. Onze ambitie is dat Noordoostpolder een sterke koploper is als het gaat om Agritech (Agrofood en de aanverwante maakindustrie) en over slimme mobiliteit.,T07,"T07: Slimme sturing, data en pilots",,2,2,Beleidsopdracht,,Nee,Eerder gevalideerd bewijsanker; H14 herbevestigd
H14-2498,Noordoostpolder,Rechtstreeks,Rechtstreeks,Flevoland,SRC-061,Noordoostpolder.pdf,10,,Onze ambitie is dat Noordoostpolder een sterke koploper is als het gaat om Agritech (Agrofood en de aanverwante maakindustrie) en over slimme mobiliteit. Dit doen we in nauwe samenwerking met onze onderwijs instellingen en het bedrijfsleven.,T07; T11,"T07: Slimme sturing, data en pilots; T11: Interbestuurlijke samenwerking",AMBITIE 4,1,1,Samenwerkingsvraag,,Nee,H14 volledige paginatekstscan
H14-2499,Noordoostpolder,Rechtstreeks,Rechtstreeks,Flevoland,SRC-061,Noordoostpolder.pdf,10,,We werken met minder belemmerende regels. Ruimte voor ondernemerschap en innovatie We bieden ruimte aan ondernemers en zetten in op het versterken van het innovatieve karakter van Noordoost polder. Onze ambitie is dat Noordoostpolder een sterke koploper is als het gaat om Agritech (Agrofood en de aanverwante maakindustrie) en over slimme mobiliteit.,T06; T07,"T06: Overig binnen afbakening; T07: Slimme sturing, data en pilots",AMBITIE 4,2,2,Innovatie of kans,,Nee,H14 volledige paginatekstscan
H14-2500,Noordoostpolder,Rechtstreeks,Rechtstreeks,Flevoland,SRC-061,Noordoostpolder.pdf,13,24,We continueren de ingezette lijn en stimuleren innovatieve vormen van mobiliteit. Blijvende inzet voor de realisatie van de Lelylijn De Lelylijn biedt kansen voor betere bereikbaarheid en maakt Noordoostpolder aantrekkelijker om te wonen en te werken.,T03,"T03: Spoor, stations, tram en metro",,2,2,Beleidsopdracht,,Nee,Eerder gevalideerd bewijsanker; H14 herbevestigd
H14-2501,Noordoostpolder,Rechtstreeks,Rechtstreeks,Flevoland,SRC-061,Noordoostpolder.pdf,13,,Blijvende inzet voor de realisatie van de Lelylijn De Lelylijn biedt kansen voor betere bereikbaarheid en maakt Noordoostpolder aantrekkelijker om te wonen en te werken.,T03; T11,"T03: Spoor, stations, tram en metro; T11: Overig binnen afbakening",AMBITIE 7,1,1,Lokale kwestie,,Nee,H14 volledige paginatekstscan
H14-2502,Noordoostpolder,Rechtstreeks,Rechtstreeks,Flevoland,SRC-061,Noordoostpolder.pdf,13,,"Een station in Emmeloord is essentieel. Deze ontwikkeling draagt bij aan economische groei, meer werkgelegenheid en kansen voor woningbouw.",T06,T06: Mobiliteit bij woningbouw en gebiedsontwikkeling,AMBITIE 7,1,1,Lokale kwestie,,Nee,H14 volledige paginatekstscan
H14-2503,Noordoostpolder,Rechtstreeks,Rechtstreeks,Flevoland,SRC-061,Noordoostpolder.pdf,13,,Een veilige N50 ter verbetering van onze bereikbaarheid De N50 is van groot belang voor de bereikbaarheid van Noordoostpolder en is op dit moment te onveilig.,T04,"T04: Hoofdwegen, corridors en aansluitingen",AMBITIE 7,1,1,Probleem,,Nee,H14 volledige paginatekstscan
H14-2504,Noordoostpolder,Rechtstreeks,Rechtstreeks,Flevoland,SRC-061,Noordoostpolder.pdf,13,,"Een veilige en betrouwbare N50 is essentieel voor onze inwoners, ondernemers en de verdere economische ontwikkeling van de regio.",T04; T11,"T04: Hoofdwegen, corridors en aansluitingen; T11: Interbestuurlijke samenwerking",AMBITIE 7,1,1,Samenwerkingsvraag,,Nee,H14 volledige paginatekstscan
H14-2505,Noordoostpolder,Rechtstreeks,Rechtstreeks,Flevoland,SRC-061,Noordoostpolder.pdf,13,,Het gaat daarbij om maat regelen die zijn benoemd in het Mobiliteitsplan 2030. We blijven inzetten op het vergroten van de veiligheid en een betere doorstroming.,T04,"T04: Doorstroming, verkeersdruk en ontsluiting",AMBITIE 7,1,1,Lokale kwestie,,Nee,H14 volledige paginatekstscan
H14-2506,Noordoostpolder,Rechtstreeks,Rechtstreeks,Flevoland,SRC-061,Noordoostpolder.pdf,13,,Onze infrastructuur groeit daarin mee en is veilig. Dat geldt ook voor de provinciale ring- en rondwegen.,T04,"T04: Hoofdwegen, corridors en aansluitingen",AMBITIE 7,1,1,Lokale kwestie,,Nee,H14 volledige paginatekstscan
H14-2507,Noordoostpolder,Rechtstreeks,Rechtstreeks,Flevoland,SRC-061,Noordoostpolder.pdf,13,,Ook verbetert het de bereikbaarheid van voorzieningen en versterkt het de verbinding tussen onderwijs en arbeidsmarkt. Wij zetten ons onverminderd in voor de realisatie van de Lelylijn met een station in Emmeloord.,T03; T11,"T03: Spoor, stations, tram en metro; T11: Overig binnen afbakening",AMBITIE 7,1,1,Lokale kwestie,,Nee,H14 volledige paginatekstscan
H14-2508,Noordoostpolder,Rechtstreeks,Rechtstreeks,Flevoland,SRC-061,Noordoostpolder.pdf,13,,Parkeren in Emmeloord Emmeloord vervult een centrumfunctie voor de hele Noordoostpolder.,T05,T05: Parkeercapaciteit en parkeerdruk,AMBITIE 7,1,1,Lokale kwestie,,Nee,H14 volledige paginatekstscan
H14-2509,Noordoostpolder,Rechtstreeks,Rechtstreeks,Flevoland,SRC-061,Noordoostpolder.pdf,13,,"Voldoende parkeervoorzieningen in het centrum zijn daarom belangrijk, ook met het oog op de toekomstige groei van het aantal inwoners.",T05,T05: Overig binnen afbakening,AMBITIE 7,1,1,Lokale kwestie,,Nee,H14 volledige paginatekstscan
H14-2510,Noordoostpolder,Rechtstreeks,Rechtstreeks,Flevoland,SRC-061,Noordoostpolder.pdf,13,,We blijven actief in de lobby voor een veiligere A50.,T04,"T04: Hoofdwegen, corridors en aansluitingen",AMBITIE 7,1,1,Lokale kwestie,,Nee,H14 volledige paginatekstscan
H14-2511,Noordoostpolder,Rechtstreeks,Rechtstreeks,Flevoland,SRC-061,Noordoostpolder.pdf,13,,We verkennen verschillende opties om de beschikbare parkeerruimte beter te benutten of waar nodig en mogelijk uit te breiden.,T05; T11,T05: Overig binnen afbakening; T11: Overig binnen afbakening,AMBITIE 7,2,2,Kennis- of capaciteitsvraag,,Nee,H14 volledige paginatekstscan
H14-2512,Noordoostpolder,Rechtstreeks,Rechtstreeks,Flevoland,SRC-061,Noordoostpolder.pdf,16,30–31,Ambities en fnanciële ruimte in balans We hebben veel ambities voor Noordoostpolder en staan voor grote opgaven in de vervanging van gebouwen en wegen.,T10,T10: Vervanging en renovatie,,2,2,Beleidsopdracht,,Nee,Eerder gevalideerd bewijsanker; H14 herbevestigd
H14-2513,Noordoostpolder,Rechtstreeks,Rechtstreeks,Flevoland,SRC-061,Noordoostpolder.pdf,16,,voor grote opgaven in de vervanging van gebouwen en wegen.,T10,T10: Vervanging en renovatie,AMBITIE 10,1,1,Lokale kwestie,,Nee,H14 volledige paginatekstscan
H14-2514,Noordoostpolder,Rechtstreeks,Rechtstreeks,Flevoland,SRC-061,Noordoostpolder.pdf,17,,Extra leefbaarheidsgelden wijken / wijkbudget € 30.000 € 30.000 € 30.000 € 30.000 Onderzoek onveiligheid budget maatregelen OR € 50.000 p.m. p.m. p.m. Lobby Lelylijn voortzetten € 100.000 € 100.000 € 100.000 € 100.000 Extra inzetten op taalstimulering € 25.000 € 25.000 € 25.000 € 25.000,T03; T06; T11,"T03: Spoor, stations, tram en metro; T06: Leefbaarheid, gezondheid en ruimtelijke kwaliteit; T11: Financiering, subsidie en cofinanciering",VERVOLG AMBITIE 10,3,3,Probleem,,Nee,H14 volledige paginatekstscan
H14-2515,Noordoostpolder,Rechtstreeks,Rechtstreeks,Flevoland,SRC-061,Noordoostpolder.pdf,17,,Lobby Lelylijn voortzetten € 100.000 € 100.000 € 100.000 € 100.000 Extra inzetten op taalstimulering € 25.000 € 25.000 € 25.000 € 25.000,T03,"T03: Spoor, stations, tram en metro",VERVOLG AMBITIE 10,3,3,Lokale kwestie,,Nee,H14 volledige paginatekstscan
H14-2516,Overbetuwe,Via regio,Regio Arnhem-Nijmegen,Gelderland,SRC-092,Overbetuwe_Coalitieakkoord_2026-2030.pdf,6,,"We zetten in op een gezond ondernemersklimaat waarin groei, duurzaamheid en leefbaarheid in balans zijn. We bieden ruimte aan ondernemers om te groeien en te vernieuwen, met voldoende ontwikkelmogelijkheden op bestaande en nieuwe bedrijventerreinen, goede bereikbaarheid en een sterke verbinding met onderwijs en arbeidsmarkt, zodat bedrijven zich kunnen ontwikkelen en inwoners aan het werk blijven, waarbij we sturen op kwaliteit en inpassing en geen nieuwe grootschalige logistieke ontwikkelingen toestaan die niet passen bij het karakter en de schaal van onze gemeente.",T06,"T06: Leefbaarheid, gezondheid en ruimtelijke kwaliteit",2. ECONOMIE,2,2,Beleidsopdracht,,Nee,H14 volledige paginatekstscan
H14-2517,Overbetuwe,Via regio,Regio Arnhem-Nijmegen,Gelderland,SRC-092,Overbetuwe_Coalitieakkoord_2026-2030.pdf,7,6–1,"Bij nieuwe plannen zorgen we dat bereikbaarheid en verkeersveiligheid vanaf het begin worden meegenomen, in lijn met het mobiliteitsplan en het verlichtingsplan.",T01; T11,"T01: Overig binnen afbakening; T11: Visies, programma’s en uitvoering",,1,2,Lokale kwestie,,Nee,Eerder gevalideerd bewijsanker; H14 herbevestigd
H14-2518,Overbetuwe,Via regio,Regio Arnhem-Nijmegen,Gelderland,SRC-092,Overbetuwe_Coalitieakkoord_2026-2030.pdf,7,6–1,"Bij nieuwe woningbouw en gebiedsontwikkelingen nemen we het openbaar vervoer vanaf het begin mee, zodat nieuwe wijken goed aangesloten zijn op bestaande netwerken.",T03,T03: Bus en openbaar vervoer,,1,2,Lokale kwestie,,Nee,Eerder gevalideerd bewijsanker; H14 herbevestigd
H14-2519,Overbetuwe,Via regio,Regio Arnhem-Nijmegen,Gelderland,SRC-092,Overbetuwe_Coalitieakkoord_2026-2030.pdf,7,6–1,"Goed openbaar vervoer is belangrijk voor de bereikbaarheid van onze kernen, vooral voor inwoners die niet beschikken over een auto. We blijven ons inzetten voor sterke verbindingen tussen dorpen en met de regio. De gemeente is hierbij afhankelijk van andere overheden en vervoerders. Daarom zoeken we actief de samenwerking met provincie en partners om het aanbod op peil te houden en waar mogelijk te verbeteren. We zetten in op betrouwbare, toegankelijke en betaalbare verbindingen.",T03; T08; T11,T03: Bus en openbaar vervoer; T08: Mensen met een beperking en ouderen; T11: Interbestuurlijke samenwerking,,2,2,Samenwerkingsvraag,Lokale kwestie,Nee,Eerder gevalideerd bewijsanker; H14 herbevestigd
H14-2520,Overbetuwe,Via regio,Regio Arnhem-Nijmegen,Gelderland,SRC-092,Overbetuwe_Coalitieakkoord_2026-2030.pdf,7,6–1,"Lopen, fietsen, openbaar vervoer, deelmobiliteit en de auto dragen ieder bij aan bereikbaarheid.",T02; T03; T07,T02: Voetgangersnetwerk en lopen; T03: Bus en openbaar vervoer; T07: Deelmobiliteit,,1,2,Lokale kwestie,,Nee,Eerder gevalideerd bewijsanker; H14 herbevestigd
H14-2521,Overbetuwe,Via regio,Regio Arnhem-Nijmegen,Gelderland,SRC-092,Overbetuwe_Coalitieakkoord_2026-2030.pdf,7,6–1,De beheerplannen voor wegen en verkeer worden daarom in lijn gebracht met het mobiliteitsplan en het verlichtingsplan.,T10; T11,"T10: Assetmanagement en beheerplanning; T11: Visies, programma’s en uitvoering",,1,2,Lokale kwestie,,Nee,Eerder gevalideerd bewijsanker; H14 herbevestigd
H14-2522,Overbetuwe,Via regio,Regio Arnhem-Nijmegen,Gelderland,SRC-092,Overbetuwe_Coalitieakkoord_2026-2030.pdf,7,,Bereikbaarheid en verkeersveiligheid zijn essentieel voor leefbare dorpen en voor de ontwikkeling van onze gemeente.,T01,T01: Overig binnen afbakening,3. MOBILITEIT,1,1,Lokale kwestie,,Nee,H14 volledige paginatekstscan
H14-2523,Overbetuwe,Via regio,Regio Arnhem-Nijmegen,Gelderland,SRC-092,Overbetuwe_Coalitieakkoord_2026-2030.pdf,7,,"Bij nieuwe woningbouw en gebiedsontwikkelingen nemen we het openbaar vervoer vanaf het begin mee, zodat nieuwe wijken goed aangesloten zijn op bestaande netwerken.",T03; T06,T03: Bus en openbaar vervoer; T06: Mobiliteit bij woningbouw en gebiedsontwikkeling,3. MOBILITEIT,2,2,Beleidsopdracht,,Nee,H14 volledige paginatekstscan
H14-2524,Overbetuwe,Via regio,Regio Arnhem-Nijmegen,Gelderland,SRC-092,Overbetuwe_Coalitieakkoord_2026-2030.pdf,7,,De beheerplannen voor wegen en verkeer worden daarom in lijn gebracht met het mobiliteitsplan en het verlichtingsplan. Zo zorgen we dat ambities en uitvoering bij elkaar passen en dat keuzes realistisch en uitvoerbaar blijven.,T10; T11,"T10: Assetmanagement en beheerplanning; T11: Visies, programma’s en uitvoering",3. MOBILITEIT,2,2,Beleidsopdracht,Probleem,Nee,H14 volledige paginatekstscan
H14-2525,Overbetuwe,Via regio,Regio Arnhem-Nijmegen,Gelderland,SRC-092,Overbetuwe_Coalitieakkoord_2026-2030.pdf,7,,De gemeente is hierbij afhankelijk van andere overheden en vervoerders. Daarom zoeken we actief de samenwerking met provincie en partners om het aanbod op peil te houden en waar mogelijk te verbeteren.,T11,T11: Interbestuurlijke samenwerking,3. MOBILITEIT,2,2,Samenwerkingsvraag,,Nee,H14 volledige paginatekstscan
H14-2526,Overbetuwe,Via regio,Regio Arnhem-Nijmegen,Gelderland,SRC-092,Overbetuwe_Coalitieakkoord_2026-2030.pdf,7,,"De uitvoering van het mobiliteitsplan vraagt om investeringen. Voor de komende jaren is in de basis voldoende budget beschikbaar, mede dankzij bijdragen van provincie en andere overheden.",T11,"T11: Financiering, subsidie en cofinanciering",3. MOBILITEIT,3,3,Investering,,Nee,H14 volledige paginatekstscan
H14-2527,Overbetuwe,Via regio,Regio Arnhem-Nijmegen,Gelderland,SRC-092,Overbetuwe_Coalitieakkoord_2026-2030.pdf,7,,"Die ontwikkeling moet door kunnen gaan. Mobiliteit is daarbij een belangrijk aandachtspunt en wordt vanaf het begin volwaardig meegenomen in nieuwe ontwikkelingen, zonder woningbouw onnodig te vertragen.",T06,T06: Mobiliteit bij woningbouw en gebiedsontwikkeling,3. MOBILITEIT,2,2,Beleidsopdracht,,Nee,H14 volledige paginatekstscan
H14-2528,Overbetuwe,Via regio,Regio Arnhem-Nijmegen,Gelderland,SRC-092,Overbetuwe_Coalitieakkoord_2026-2030.pdf,7,,"Openbaar Vervoer Openbaar Vervoer Goed openbaar vervoer is belangrijk voor de bereikbaarheid van onze kernen, vooral voor inwoners die niet beschikken over een auto.",T03,T03: Bus en openbaar vervoer,3. MOBILITEIT,1,1,Lokale kwestie,,Nee,H14 volledige paginatekstscan
H14-2529,Overbetuwe,Via regio,Regio Arnhem-Nijmegen,Gelderland,SRC-092,Overbetuwe_Coalitieakkoord_2026-2030.pdf,7,,"Openbaar Vervoer Openbaar Vervoer Goed openbaar vervoer is belangrijk voor de bereikbaarheid van onze kernen, vooral voor inwoners die niet beschikken over een auto. We blijven ons inzetten voor sterke verbindingen tussen dorpen en met de regio.",T03; T11,T03: Bus en openbaar vervoer; T11: Interbestuurlijke samenwerking,3. MOBILITEIT,1,1,Samenwerkingsvraag,,Nee,H14 volledige paginatekstscan
H14-2530,Overbetuwe,Via regio,Regio Arnhem-Nijmegen,Gelderland,SRC-092,Overbetuwe_Coalitieakkoord_2026-2030.pdf,7,,"Verkeersveiligheid staat voorop, met aandacht voor alle weggebruikers. Tegelijk zorgen we voor een goede doorstroming, zodat inwoners en ondernemers zich efficiënt kunnen verplaatsen.",T01; T04,"T01: Veilige inrichting en snelheid; T04: Doorstroming, verkeersdruk en ontsluiting",3. MOBILITEIT,2,2,Beleidsopdracht,Probleem,Nee,H14 volledige paginatekstscan
H14-2531,Overbetuwe,Via regio,Regio Arnhem-Nijmegen,Gelderland,SRC-092,Overbetuwe_Coalitieakkoord_2026-2030.pdf,7,,We blijven ons inzetten voor sterke verbindingen tussen dorpen en met de regio. De gemeente is hierbij afhankelijk van andere overheden en vervoerders.,T11,T11: Interbestuurlijke samenwerking,3. MOBILITEIT,1,1,Samenwerkingsvraag,,Nee,H14 volledige paginatekstscan
H14-2532,Overbetuwe,Via regio,Regio Arnhem-Nijmegen,Gelderland,SRC-092,Overbetuwe_Coalitieakkoord_2026-2030.pdf,7,,Zo zorgen we dat ambities en uitvoering bij elkaar passen en dat keuzes realistisch en uitvoerbaar blijven. Wij kiezen voor een mobiliteitssysteem waarin alle vervoersvormen volwaardig meetellen.,T11,"T11: Visies, programma’s en uitvoering",3. MOBILITEIT,2,2,Beleidsopdracht,Probleem,Nee,H14 volledige paginatekstscan
H14-2533,Overbetuwe,Via regio,Regio Arnhem-Nijmegen,Gelderland,SRC-092,Overbetuwe_Coalitieakkoord_2026-2030.pdf,8,7–1,"Verkeersveiligheid voor fietsers krijgt nadrukkelijk aandacht, zowel bij bestaande situaties als bij nieuwe plannen.",T01; T02; T11,"T01: Schoolroutes en kwetsbare verkeersdeelnemers; T02: Fietsnetwerk en routekwaliteit; T11: Visies, programma’s en uitvoering",,1,2,Lokale kwestie,Probleem,Nee,Eerder gevalideerd bewijsanker; H14 herbevestigd
H14-2534,Overbetuwe,Via regio,Regio Arnhem-Nijmegen,Gelderland,SRC-092,Overbetuwe_Coalitieakkoord_2026-2030.pdf,8,7–1,"We stimuleren het gebruik van de fiets voor korte en middellange afstanden, onder andere door te investeren in veilige en aantrekkelijke fietsroutes.",T02,T02: Fietsnetwerk en routekwaliteit,,2,2,Investering,Lokale kwestie,Nee,Eerder gevalideerd bewijsanker; H14 herbevestigd
H14-2535,Overbetuwe,Via regio,Regio Arnhem-Nijmegen,Gelderland,SRC-092,Overbetuwe_Coalitieakkoord_2026-2030.pdf,8,,"Daarbij hebben we ook oog voor nieuwe vormen van gebruik, zoals elektrische fietsen.",T02,T02: Fietsnetwerk en routekwaliteit,De fiets is een belangrijk en duurzaam vervoermiddel in onze gemeente. We,1,1,Lokale kwestie,,Nee,H14 volledige paginatekstscan
H14-2536,Overbetuwe,Via regio,Regio Arnhem-Nijmegen,Gelderland,SRC-092,Overbetuwe_Coalitieakkoord_2026-2030.pdf,8,,"De ambtelijke organisatie is gestart met het opstellen van beheerplannen voor wegen, verkeer en openbare verlichting.",T10,T10: Assetmanagement en beheerplanning,De fiets is een belangrijk en duurzaam vervoermiddel in onze gemeente. We,2,2,Beleidsopdracht,,Nee,H14 volledige paginatekstscan
H14-2537,Overbetuwe,Via regio,Regio Arnhem-Nijmegen,Gelderland,SRC-092,Overbetuwe_Coalitieakkoord_2026-2030.pdf,8,,Deze worden in lijn gebracht met het mobiliteitsplan. Een specifiek aandachtspunt is het beheer van de openbare ruimte.,T06,T06: Herverdeling van openbare ruimte,De fiets is een belangrijk en duurzaam vervoermiddel in onze gemeente. We,2,2,Beleidsopdracht,,Nee,H14 volledige paginatekstscan
H14-2538,Overbetuwe,Via regio,Regio Arnhem-Nijmegen,Gelderland,SRC-092,Overbetuwe_Coalitieakkoord_2026-2030.pdf,8,,Fiets Fiets De fiets is een belangrijk en duurzaam vervoermiddel in onze gemeente.,T02,T02: Fietsnetwerk en routekwaliteit,De fiets is een belangrijk en duurzaam vervoermiddel in onze gemeente. We,1,1,Lokale kwestie,,Nee,H14 volledige paginatekstscan
H14-2539,Overbetuwe,Via regio,Regio Arnhem-Nijmegen,Gelderland,SRC-092,Overbetuwe_Coalitieakkoord_2026-2030.pdf,8,,"In de beheerplannen maken we keuzes die bijdragen aan veilige, goed onderhouden en toekomstbestendige fietspaden.",T02; T10,T02: Fietsnetwerk en routekwaliteit; T10: Assetmanagement en beheerplanning,De fiets is een belangrijk en duurzaam vervoermiddel in onze gemeente. We,2,2,Beleidsopdracht,,Nee,H14 volledige paginatekstscan
H14-2540,Overbetuwe,Via regio,Regio Arnhem-Nijmegen,Gelderland,SRC-092,Overbetuwe_Coalitieakkoord_2026-2030.pdf,8,,"In deze bestuursperiode zetten we stappen naar een realistische uitvoering, met duidelijke prioriteiten en inzicht in kosten en risico’s. Zo bouwen we aan een gemeente die bereikbaar blijft en tegelijk ruimte biedt voor groei.",T11,"T11: Visies, programma’s en uitvoering",De fiets is een belangrijk en duurzaam vervoermiddel in onze gemeente. We,2,2,Beleidsopdracht,,Nee,H14 volledige paginatekstscan
H14-2541,Overbetuwe,Via regio,Regio Arnhem-Nijmegen,Gelderland,SRC-092,Overbetuwe_Coalitieakkoord_2026-2030.pdf,8,,Uitvoering en beheer Uitvoering en beheer De uitvoering van het mobiliteitsplan vraagt om samenhang tussen beleid en beheer.,T11,"T11: Visies, programma’s en uitvoering",De fiets is een belangrijk en duurzaam vervoermiddel in onze gemeente. We,1,1,Lokale kwestie,,Nee,H14 volledige paginatekstscan
H14-2542,Overbetuwe,Via regio,Regio Arnhem-Nijmegen,Gelderland,SRC-092,Overbetuwe_Coalitieakkoord_2026-2030.pdf,8,,"We verbeteren waar nodig de bestaande fietsinfrastructuur en zorgen voor goede verbindingen tussen de kernen, scholen en voorzieningen.",T02,T02: Fietsnetwerk en routekwaliteit,De fiets is een belangrijk en duurzaam vervoermiddel in onze gemeente. We,2,2,Beleidsopdracht,Probleem,Nee,H14 volledige paginatekstscan
H14-2543,Overbetuwe,Via regio,Regio Arnhem-Nijmegen,Gelderland,SRC-092,Overbetuwe_Coalitieakkoord_2026-2030.pdf,10,9–1,"Bij functieverandering en nieuwe initiatieven in het buitengebied bewaken we nadrukkelijk de samenhang met landschap, leefbaarheid, verkeersdruk en bestaande kwalitatieve en planologische verplichtingen.",T04; T06; T11,"T04: Doorstroming, verkeersdruk en ontsluiting; T06: Mobiliteit bij woningbouw en gebiedsontwikkeling; T11: Visies, programma’s en uitvoering",,1,2,Lokale kwestie,Probleem,Nee,Eerder gevalideerd bewijsanker; H14 herbevestigd
H14-2544,Overbetuwe,Via regio,Regio Arnhem-Nijmegen,Gelderland,SRC-092,Overbetuwe_Coalitieakkoord_2026-2030.pdf,10,9–1,"vastgestelde Koersdocument. We zijn terughoudend met grootschalige ontwikkelingen die niet passen bij het karakter van het buitengebied, zoals grootschalige logistiek. Tegelijkertijd erkennen we dat er ruimte nodig is voor ontwikkeling. We wijzen daarom gericht gebieden aan waar ontwikkeling wél mogelijk is, en beschermen expliciet de gebieden die we open en groen willen houden. Groene buffers, zoals tussen Elst en Oosterhout, blijven behouden en worden",T09,T09: Vracht- en regionale logistiek,,1,2,Lokale kwestie,,Nee,Eerder gevalideerd bewijsanker; H14 herbevestigd
H14-2545,Overbetuwe,Via regio,Regio Arnhem-Nijmegen,Gelderland,SRC-092,Overbetuwe_Coalitieakkoord_2026-2030.pdf,10,,Buitengebied Buitengebied Ons buitengebied is van grote waarde. Het bepaalt het karakter van Overbetuwe.,T08,T08: Bereikbaarheid van kernen en buitengebied,"ruimte, het agrarische landschap en de groene zones maken onze gemeente herkenbaar",1,1,Lokale kwestie,,Nee,H14 volledige paginatekstscan
H14-2546,Overbetuwe,Via regio,Regio Arnhem-Nijmegen,Gelderland,SRC-092,Overbetuwe_Coalitieakkoord_2026-2030.pdf,10,,"Buitengebied Buitengebied Ons buitengebied is van grote waarde. Het bepaalt het karakter van Overbetuwe. De open ruimte, het agrarische landschap en de groene zones maken onze gemeente herkenbaar en leefbaar.",T06; T08,T06: Mobiliteit bij woningbouw en gebiedsontwikkeling; T08: Bereikbaarheid van kernen en buitengebied,"ruimte, het agrarische landschap en de groene zones maken onze gemeente herkenbaar",1,1,Lokale kwestie,,Nee,H14 volledige paginatekstscan
H14-2547,Overbetuwe,Via regio,Regio Arnhem-Nijmegen,Gelderland,SRC-092,Overbetuwe_Coalitieakkoord_2026-2030.pdf,10,,"We zijn terughoudend met grootschalige ontwikkelingen die niet passen bij het karakter van het buitengebied, zoals grootschalige logistiek.",T09,T09: Vracht- en regionale logistiek,"ruimte, het agrarische landschap en de groene zones maken onze gemeente herkenbaar",1,1,Lokale kwestie,,Nee,H14 volledige paginatekstscan
H14-2548,Overbetuwe,Via regio,Regio Arnhem-Nijmegen,Gelderland,SRC-092,Overbetuwe_Coalitieakkoord_2026-2030.pdf,12,11–1,"We verbeteren en versterken wandel-, fiets- en recreatieve routes en zorgen voor goede verbindingen tussen dorpen, natuur, erfgoed en voorzieningen.",T02; T08,T02: Voetgangersnetwerk en lopen; T08: Bereikbaarheid van kernen en buitengebied,,2,2,Lokale kwestie,,Nee,Eerder gevalideerd bewijsanker; H14 herbevestigd
H14-2549,Overbetuwe,Via regio,Regio Arnhem-Nijmegen,Gelderland,SRC-092,Overbetuwe_Coalitieakkoord_2026-2030.pdf,16,15–1,"Stijgende kosten in het sociaal domein, beheer en onderhoud van de openbare ruimte en onzekerheid over de bijdrage vanuit het Rijk vragen om scherpe keuzes en realistisch beleid.",T10; T11,T10: Wegenbeheer en onderhoudsniveau; T11: Interbestuurlijke samenwerking,,1,2,Samenwerkingsvraag,Lokale kwestie,Nee,Eerder gevalideerd bewijsanker; H14 herbevestigd
H14-2550,Peel en Maas,Via regio,RMO Noord-Limburg / Trendsportal,Limburg,SRC-062,Peel en Maas.pdf,7,,"Waar het past wordt gestapeld gebouwd en worden slim parkeren, deelmobiliteit en een groene omgeving gecombineerd.",T05; T07,T05: Parkeercapaciteit en parkeerdruk; T07: Deelmobiliteit,• We sturen nadrukkelijk op de mogelijkheden van transformatie en hergebruik om,2,2,Innovatie of kans,,Nee,H14 volledige paginatekstscan
H14-2551,Peel en Maas,Via regio,RMO Noord-Limburg / Trendsportal,Limburg,SRC-062,Peel en Maas.pdf,8,,"We werken met parallel programmeren: planvorming, participatie, energiebeschikbaarheid, mobiliteits- en groenafspraken én voorbereiding van de uitvoering lopen gelijktijdig.",T11,"T11: Visies, programma’s en uitvoering",2. Doorstroming en passende woonvormen,2,2,Beleidsopdracht,,Nee,H14 volledige paginatekstscan
H14-2552,Peel en Maas,Via regio,RMO Noord-Limburg / Trendsportal,Limburg,SRC-062,Peel en Maas.pdf,9,,"We sturen op compacte en kwalitatieve bouw; gestapeld waar passend, met passende parkeernormen en ruimte voor groen, waterberging en verblijfskwaliteit.",T05; T06,"T05: Parkeernormen; T06: Leefbaarheid, gezondheid en ruimtelijke kwaliteit",5. Nieuwbouw met ruimtelijke kwaliteit,1,1,Lokale kwestie,,Nee,H14 volledige paginatekstscan
H14-2553,Peel en Maas,Via regio,RMO Noord-Limburg / Trendsportal,Limburg,SRC-062,Peel en Maas.pdf,10,,"We werken rolvast en transparant samen met agrarisch ondernemers, natuurorganisaties, dorpen en inwoners aan een toekomstbestendig buitengebied. We zijn helder over doelen en verwachtingen. Innovatie, natuurinclusiviteit en toekomstbestendigheid zien we als gezamenlijke opgaven.",T08,T08: Bereikbaarheid van kernen en buitengebied,Een sterk en groen buitengebied,2,2,Innovatie of kans,,Nee,H14 volledige paginatekstscan
H14-2554,Peel en Maas,Via regio,RMO Noord-Limburg / Trendsportal,Limburg,SRC-062,Peel en Maas.pdf,11,,"We geven passende recreatieve functies ruimte (wandel- en fietsroutes, kleinschalige verblijfsrecreatie), zonder de leefbaarheid te belasten.",T06,"T06: Leefbaarheid, gezondheid en ruimtelijke kwaliteit",1. Een agrarische sector die werkt mét de natuur,1,1,Lokale kwestie,,Nee,H14 volledige paginatekstscan
H14-2555,Peel en Maas,Via regio,RMO Noord-Limburg / Trendsportal,Limburg,SRC-062,Peel en Maas.pdf,14,,"De druk op de beschikbare ruimte is fors door woningbouw, economische ontwikkeling, natuur en biodiversiteit, energietransitie, mobiliteit en klimaatadaptatie. Daarom pakken we opgaven in samenhang op. Gezondheid, leefbaarheid en betaalbaarheid zijn leidend in de keuzes die we maken.",T06; T11,T06: Mobiliteit bij woningbouw en gebiedsontwikkeling; T11: Overig binnen afbakening,,2,2,Lokale kwestie,Probleem,Nee,Eerder gevalideerd bewijsanker; H14 herbevestigd
H14-2556,Peel en Maas,Via regio,RMO Noord-Limburg / Trendsportal,Limburg,SRC-062,Peel en Maas.pdf,14,,"Met een robuuste en duurzaam veilig ingerichte infrastructuur zorgen we voor een goede bereikbaarheid voor inwoners, bedrijven en bezoekers. Elke kern van Peel en Maas is goed bereikbaar met het openbaar vervoer of vrijwilligersvervoer.",T01; T03; T04; T08; T10,T01: Overig binnen afbakening; T03: Bus en openbaar vervoer; T04: Overig binnen afbakening; T08: Bereikbaarheid van kernen en buitengebied; T10: Overig binnen afbakening,,1,1,Probleem,,Nee,Eerder gevalideerd bewijsanker; H14 herbevestigd
H14-2557,Peel en Maas,Via regio,RMO Noord-Limburg / Trendsportal,Limburg,SRC-062,Peel en Maas.pdf,14,,"De druk op de beschikbare ruimte is fors door woningbouw, economische ontwikkeling, natuur en biodiversiteit, energietransitie, mobiliteit en klimaatadaptatie.",T06,T06: Mobiliteit bij woningbouw en gebiedsontwikkeling,Beleef de ruimte,1,1,Probleem,,Nee,H14 volledige paginatekstscan
H14-2558,Peel en Maas,Via regio,RMO Noord-Limburg / Trendsportal,Limburg,SRC-062,Peel en Maas.pdf,14,,Elke kern van Peel en Maas is goed bereikbaar met het openbaar vervoer of vrijwilligersvervoer.,T03,T03: Bus en openbaar vervoer,Beleef de ruimte,1,1,Lokale kwestie,,Nee,H14 volledige paginatekstscan
H14-2559,Peel en Maas,Via regio,RMO Noord-Limburg / Trendsportal,Limburg,SRC-062,Peel en Maas.pdf,15,,"Onze infrastructuur is duurzaam en veilig ingericht en het netwerk van fiets- en wandelroutes is zichtbaar uitgebreider en veiliger, met prioriteit voor scholen. Tegelijk blijft passend openbaar vervoer beschikbaar, aangevuld met flexibele vormen van vervoer.",T01; T02; T03; T08; T10,T01: Overig binnen afbakening; T02: Voetgangersnetwerk en lopen; T03: Bus en openbaar vervoer; T08: Overig binnen afbakening; T10: Overig binnen afbakening,,1,1,Probleem,,Nee,Eerder gevalideerd bewijsanker; H14 herbevestigd
H14-2560,Peel en Maas,Via regio,RMO Noord-Limburg / Trendsportal,Limburg,SRC-062,Peel en Maas.pdf,15,,"Ruimtelijke vraagstukken en opgaven houden niet op aan de gemeentegrens. Daarom stemmen we hierover in onder andere regionaal verband af én komen we met de regio op voor onze belangen bij de provincie, de Rijksoverheid, netbeheerder en andere ruimtelijke partners.",T06; T11,T06: Overig binnen afbakening; T11: Interbestuurlijke samenwerking,,1,2,Samenwerkingsvraag,Lokale kwestie,Nee,Eerder gevalideerd bewijsanker; H14 herbevestigd
H14-2561,Peel en Maas,Via regio,RMO Noord-Limburg / Trendsportal,Limburg,SRC-062,Peel en Maas.pdf,15,,"De openbare ruimte is schoon en toegankelijk. Toegankelijkheid betekent voor ons dat iedere inwoner kan deelnemen aan de openbare ruimte, ook wanneer dit door een beperking niet vanzelfsprekend is. Onze infrastructuur is duurzaam en veilig ingericht en het netwerk van fiets- en wandelroutes is zichtbaar uitgebreider en veiliger, met prioriteit voor scholen.",T02; T06,T02: Voetgangersnetwerk en lopen; T06: Herverdeling van openbare ruimte,• De openbare ruimte is schoon en toegankelijk. Toegankelijkheid betekent voor ons,1,1,Lokale kwestie,,Nee,H14 volledige paginatekstscan
H14-2562,Peel en Maas,Via regio,RMO Noord-Limburg / Trendsportal,Limburg,SRC-062,Peel en Maas.pdf,15,,"Parkeren is slim en locatiegericht met passende parkeernormen, parkeerpockets (een centrale, geclusterde parkeerplaats) en een goede routing.",T05,T05: Parkeernormen,• De openbare ruimte is schoon en toegankelijk. Toegankelijkheid betekent voor ons,1,1,Innovatie of kans,,Nee,H14 volledige paginatekstscan
H14-2563,Peel en Maas,Via regio,RMO Noord-Limburg / Trendsportal,Limburg,SRC-062,Peel en Maas.pdf,15,,"Parkeren is slim en locatiegericht met passende parkeernormen, parkeerpockets (een centrale, geclusterde parkeerplaats) en een goede routing. Ruimtelijke vraagstukken en opgaven houden niet op aan de gemeentegrens.",T05; T06,T05: Parkeernormen; T06: Overig binnen afbakening,• De openbare ruimte is schoon en toegankelijk. Toegankelijkheid betekent voor ons,1,1,Innovatie of kans,,Nee,H14 volledige paginatekstscan
H14-2564,Peel en Maas,Via regio,RMO Noord-Limburg / Trendsportal,Limburg,SRC-062,Peel en Maas.pdf,15,,"Tegelijk blijft passend openbaar vervoer beschikbaar, aangevuld met flexibele vormen van vervoer.",T03,T03: Bus en openbaar vervoer,• De openbare ruimte is schoon en toegankelijk. Toegankelijkheid betekent voor ons,1,1,Lokale kwestie,,Nee,H14 volledige paginatekstscan
H14-2565,Peel en Maas,Via regio,RMO Noord-Limburg / Trendsportal,Limburg,SRC-062,Peel en Maas.pdf,15,,"Tegelijk blijft passend openbaar vervoer beschikbaar, aangevuld met flexibele vormen van vervoer. We plannen en bouwen netbewust. In onze eigen projecten en bij nieuwe ontwikkelingen sturen we op energieonafhankelijkheid, energiebesparing en we nemen energie-inpassing vroeg mee in de planvorming.",T03; T11,"T03: Bus en openbaar vervoer; T11: Visies, programma’s en uitvoering",• De openbare ruimte is schoon en toegankelijk. Toegankelijkheid betekent voor ons,2,2,Beleidsopdracht,,Nee,H14 volledige paginatekstscan
H14-2566,Peel en Maas,Via regio,RMO Noord-Limburg / Trendsportal,Limburg,SRC-062,Peel en Maas.pdf,15,,"We werken actief aan een duurzame, veilig ingerichte openbare ruimte, met extra aandacht voor de schoolomgeving en de routes daar naartoe.",T01; T06,T01: Schoolroutes en kwetsbare verkeersdeelnemers; T06: Herverdeling van openbare ruimte,• De openbare ruimte is schoon en toegankelijk. Toegankelijkheid betekent voor ons,2,2,Beleidsopdracht,,Nee,H14 volledige paginatekstscan
H14-2567,Peel en Maas,Via regio,RMO Noord-Limburg / Trendsportal,Limburg,SRC-062,Peel en Maas.pdf,16,,We zetten in op flexibel en vraagafhankelijk OV en we werken samen met dorpsinitiatieven en vrijwilligers.,T03; T08; T11,T03: Vraagafhankelijk en doelgroepenvervoer; T08: Bereikbaarheid van kernen en buitengebied; T11: Overig binnen afbakening,,2,2,Samenwerkingsvraag,Lokale kwestie,Nee,Eerder gevalideerd bewijsanker; H14 herbevestigd
H14-2568,Peel en Maas,Via regio,RMO Noord-Limburg / Trendsportal,Limburg,SRC-062,Peel en Maas.pdf,16,,"We maken duurzame mobiliteit vanzelfsprekender: veilig en prettig te voet en per fiets, met 30 km als norm in verblijfsgebieden en met passend (flexibel) OV.",T01; T02; T03; T07,T01: Veilige inrichting en snelheid; T02: Fietsnetwerk en routekwaliteit; T03: Bus en openbaar vervoer; T07: Overig binnen afbakening,,2,2,Lokale kwestie,,Nee,Eerder gevalideerd bewijsanker; H14 herbevestigd
H14-2569,Peel en Maas,Via regio,RMO Noord-Limburg / Trendsportal,Limburg,SRC-062,Peel en Maas.pdf,16,,"Bij het onderhouden en toekomstige herinrichtingen van de openbare ruimte zorgen we voor veilige fietsroutes, verlichting en overzichtelijke oversteekplekken.",T01; T02; T06; T10,T01: Schoolroutes en kwetsbare verkeersdeelnemers; T02: Fietsnetwerk en routekwaliteit; T06: Herverdeling van openbare ruimte; T10: Wegenbeheer en onderhoudsniveau,,1,2,Lokale kwestie,,Nee,Eerder gevalideerd bewijsanker; H14 herbevestigd
H14-2570,Peel en Maas,Via regio,RMO Noord-Limburg / Trendsportal,Limburg,SRC-062,Peel en Maas.pdf,16,,"De openbare ruimte heeft een verkeersveilige infrastructuur waar we duurzame mobiliteit (fietsen, lopen, OV, deelvervoer) stimuleren en faciliteren.",T01; T02; T03; T06; T07,T01: Overig binnen afbakening; T02: Voetgangersnetwerk en lopen; T03: Bus en openbaar vervoer; T06: Herverdeling van openbare ruimte; T07: Overig binnen afbakening,2. Groenblauwe netwerken in de kern,1,1,Lokale kwestie,,Nee,H14 volledige paginatekstscan
H14-2571,Peel en Maas,Via regio,RMO Noord-Limburg / Trendsportal,Limburg,SRC-062,Peel en Maas.pdf,16,,"De openbare ruimte heeft een verkeersveilige infrastructuur waar we duurzame mobiliteit (fietsen, lopen, OV, deelvervoer) stimuleren en faciliteren. Bij het onderhouden en toekomstige herinrichtingen van de openbare ruimte zorgen we voor veilige fietsroutes, verlichting en overzichtelijke oversteekplekken.",T01; T02; T03; T06; T07; T10,T01: Schoolroutes en kwetsbare verkeersdeelnemers; T02: Voetgangersnetwerk en lopen; T03: Bus en openbaar vervoer; T06: Herverdeling van openbare ruimte; T07: Overig binnen afbakening; T10: Wegenbeheer en onderhoudsniveau,2. Groenblauwe netwerken in de kern,2,2,Beleidsopdracht,Probleem,Nee,H14 volledige paginatekstscan
H14-2572,Peel en Maas,Via regio,RMO Noord-Limburg / Trendsportal,Limburg,SRC-062,Peel en Maas.pdf,16,,"In overleg met onder andere het centrummanagement en ondernemers werken we aan een veiliger en overzichtelijker winkelcentrum van Panningen, waarbij we kijken naar de rol van fietsverkeer tijdens openingstijden.",T02,T02: Fietsnetwerk en routekwaliteit,2. Groenblauwe netwerken in de kern,2,2,Beleidsopdracht,,Nee,H14 volledige paginatekstscan
H14-2573,Peel en Maas,Via regio,RMO Noord-Limburg / Trendsportal,Limburg,SRC-062,Peel en Maas.pdf,16,,In verblijfsgebieden zijn 30 km-zones de norm.,T01,T01: Veilige inrichting en snelheid,2. Groenblauwe netwerken in de kern,1,1,Lokale kwestie,,Nee,H14 volledige paginatekstscan
H14-2574,Peel en Maas,Via regio,RMO Noord-Limburg / Trendsportal,Limburg,SRC-062,Peel en Maas.pdf,16,,"We besteden nadrukkelijk aandacht aan veilige schoolomgevingen, met de nadruk op fietsen en wandelen en terugdringing van het autogebruik.",T01; T02,T01: Schoolroutes en kwetsbare verkeersdeelnemers; T02: Voetgangersnetwerk en lopen,2. Groenblauwe netwerken in de kern,1,1,Lokale kwestie,,Nee,H14 volledige paginatekstscan
H14-2575,Peel en Maas,Via regio,RMO Noord-Limburg / Trendsportal,Limburg,SRC-062,Peel en Maas.pdf,16,,"We zetten in op flexibel en vraagafhankelijk OV en we werken samen met dorpsinitiatieven en vrijwilligers. In overleg met onder andere het centrummanagement en ondernemers werken we aan een veiliger en overzichtelijker winkelcentrum van Panningen, waarbij we kijken naar de rol van fietsverkeer tijdens openingstijden.",T02; T03; T08,T02: Fietsnetwerk en routekwaliteit; T03: Vraagafhankelijk en doelgroepenvervoer; T08: Bereikbaarheid van kernen en buitengebied,2. Groenblauwe netwerken in de kern,2,2,Beleidsopdracht,,Nee,H14 volledige paginatekstscan
H14-2576,Peel en Maas,Via regio,RMO Noord-Limburg / Trendsportal,Limburg,SRC-062,Peel en Maas.pdf,17,,"Parkeren organiseren we zo, dat ruimte overblijft voor wonen, groen en ontmoeting. […] We hanteren locatiegerichte, passende parkeernormen en sturen op routing aan de randen van centra waar passend.",T04; T05; T06,"T04: Overig binnen afbakening; T05: Parkeernormen; T06: Leefbaarheid, gezondheid en ruimtelijke kwaliteit",,1,2,Lokale kwestie,,Nee,Eerder gevalideerd bewijsanker; H14 herbevestigd
H14-2577,Peel en Maas,Via regio,RMO Noord-Limburg / Trendsportal,Limburg,SRC-062,Peel en Maas.pdf,17,,"We maken bij herinrichting en nieuwbouw meer gebruik van parkeerpockets en energiehubs. We faciliteren veilig fietsparkeren, waarbij we starten in het centrum van Panningen.",T02; T05; T06; T07,T02: Fietsparkeren; T05: Parkeercapaciteit en parkeerdruk; T06: Overig binnen afbakening; T07: Mobiliteitshubs en ketendiensten,,2,2,Innovatie of kans,Lokale kwestie,Nee,Eerder gevalideerd bewijsanker; H14 herbevestigd
H14-2578,Peel en Maas,Via regio,RMO Noord-Limburg / Trendsportal,Limburg,SRC-062,Peel en Maas.pdf,17,,"4. Slim parkeren Parkeren organiseren we zo, dat ruimte overblijft voor wonen, groen en ontmoeting.",T05,T05: Parkeercapaciteit en parkeerdruk,4. Slim parkeren,1,1,Innovatie of kans,,Nee,H14 volledige paginatekstscan
H14-2579,Peel en Maas,Via regio,RMO Noord-Limburg / Trendsportal,Limburg,SRC-062,Peel en Maas.pdf,17,,Gratis en voldoende parkeren blijft in alle dorpen van Peel en Maas beschikbaar.,T05,T05: Parkeercapaciteit en parkeerdruk,4. Slim parkeren,1,1,Lokale kwestie,,Nee,H14 volledige paginatekstscan
H14-2580,Peel en Maas,Via regio,RMO Noord-Limburg / Trendsportal,Limburg,SRC-062,Peel en Maas.pdf,17,,"Parkeren combineren we met vergroening, schaduw en waterdoorlatende inrichting.",T05,T05: Parkeercapaciteit en parkeerdruk,4. Slim parkeren,1,1,Lokale kwestie,,Nee,H14 volledige paginatekstscan
H14-2581,Peel en Maas,Via regio,RMO Noord-Limburg / Trendsportal,Limburg,SRC-062,Peel en Maas.pdf,26,,"We verbeteren de ontsluiting en verkeersveiligheid rond bedrijventerreinen en stemmen dit af met omgeving, ondernemers en wegbeheerders.",T01; T04,"T01: Veilige inrichting en snelheid; T04: Doorstroming, verkeersdruk en ontsluiting",Hoe we dit realiseren,2,2,Beleidsopdracht,,Nee,H14 volledige paginatekstscan
H14-2582,Purmerend,Rechtstreeks,Rechtstreeks,Noord-Holland,SRC-063,Purmerend.pdf,2,,"Wonen, mobiliteit, economie, klimaat, zorg en leefbaarheid hangen nauw met elkaar samen.",T06,"T06: Leefbaarheid, gezondheid en ruimtelijke kwaliteit",Gemeente in beweging,1,1,Probleem,,Nee,H14 volledige paginatekstscan
H14-2583,Purmerend,Rechtstreeks,Rechtstreeks,Noord-Holland,SRC-063,Purmerend.pdf,2,,"Wonen, mobiliteit, economie, klimaat, zorg en leefbaarheid hangen nauw met elkaar samen. De ruimte is schaars, financiële middelen staan onder druk en de uitvoeringskracht van overheid en samenleving kent grenzen.",T06; T11,"T06: Leefbaarheid, gezondheid en ruimtelijke kwaliteit; T11: Visies, programma’s en uitvoering",Gemeente in beweging,1,1,Probleem,,Nee,H14 volledige paginatekstscan
H14-2584,Purmerend,Rechtstreeks,Rechtstreeks,Noord-Holland,SRC-063,Purmerend.pdf,3,4–5,"Ook wordt breder in MRA-verband gezamenlijk opgetrokken waarbij gesproken wordt over gemeentegrens overstijgende thema’s die gemeenten in breder verband met elkaar verbindt, denk aan woningbouw en mobiliteit.",T06,T06: Mobiliteit bij woningbouw en gebiedsontwikkeling,,1,2,Probleem,,Nee,Eerder gevalideerd bewijsanker; H14 herbevestigd
H14-2585,Purmerend,Rechtstreeks,Rechtstreeks,Noord-Holland,SRC-063,Purmerend.pdf,3,,"Een sterke regio biedt belangrijke voordelen voor inwoners. Zo wordt nauw samengewerkt in de Veiligheidsregio, de GGD en op tal van andere onderwerpen. Ook wordt breder in MRA-verband gezamenlijk opgetrokken waarbij gesproken wordt over gemeentegrens overstijgende thema’s die gemeenten in breder verband met elkaar verbindt, denk aan woningbouw en mobiliteit.",T06; T11,T06: Mobiliteit bij woningbouw en gebiedsontwikkeling; T11: Interbestuurlijke samenwerking,,2,2,Samenwerkingsvraag,,Nee,H14 volledige paginatekstscan
H14-2586,Purmerend,Rechtstreeks,Rechtstreeks,Noord-Holland,SRC-063,Purmerend.pdf,3,,"Ook wordt breder in MRA-verband gezamenlijk opgetrokken waarbij gesproken wordt over gemeentegrens overstijgende thema’s die gemeenten in breder verband met elkaar verbindt, denk aan woningbouw en mobiliteit. Tegelijkertijd investeren we in contacten met Noord-Hollandse gemeenten buiten onze regio.",T06; T11,T06: Mobiliteit bij woningbouw en gebiedsontwikkeling; T11: Interbestuurlijke samenwerking,,2,2,Samenwerkingsvraag,,Nee,H14 volledige paginatekstscan
H14-2587,Purmerend,Rechtstreeks,Rechtstreeks,Noord-Holland,SRC-063,Purmerend.pdf,4,50,Verbonden en bereikbaar Mobiliteit die past bij een leefbare gemeente Fiets(veiligheid) en wandelen Openbaar vervoer Bereikbaarheid en parkeren Toekomstige rondweg,T02; T03; T04,"T02: Voetgangersnetwerk en lopen; T03: Bus en openbaar vervoer; T04: Hoofdwegen, corridors en aansluitingen",,1,1,Probleem,,Nee,Eerder gevalideerd bewijsanker; H14 herbevestigd
H14-2588,Purmerend,Rechtstreeks,Rechtstreeks,Noord-Holland,SRC-063,Purmerend.pdf,6,,"We bouwen woningen, investeren in bereikbaarheid, werken aan een duurzame leefomgeving en ondersteunen inwoners die hulp nodig hebben. Tegelijkertijd groeien de kosten, neemt de druk op voorzieningen toe en wordt de uitvoering van maatschappelijke opgaven steeds complexer.",T11,"T11: Visies, programma’s en uitvoering",Hoofdstuk 1,2,2,Beleidsopdracht,Probleem,Nee,H14 volledige paginatekstscan
H14-2589,Purmerend,Rechtstreeks,Rechtstreeks,Noord-Holland,SRC-063,Purmerend.pdf,9,16–17,"Wonen, mobiliteit, onderwijs, zorg, groen, economie, veiligheid en openbare ruimte zijn onlosmakelijk met elkaar verbonden. We realiseren ons ook dat ruimte steeds schaarser wordt.",T06,T06: Herverdeling van openbare ruimte,,2,2,Beleidsopdracht,Probleem,Nee,Eerder gevalideerd bewijsanker; H14 herbevestigd
H14-2590,Purmerend,Rechtstreeks,Rechtstreeks,Noord-Holland,SRC-063,Purmerend.pdf,9,,"Daarbij staat voor senioren de nabijheid van voorzieningen centraal, zodat winkels, zorg en openbaar vervoer goed bereikbaar zijn.",T03,T03: Bus en openbaar vervoer,Hoofdstuk 2,1,1,Probleem,,Nee,H14 volledige paginatekstscan
H14-2591,Purmerend,Rechtstreeks,Rechtstreeks,Noord-Holland,SRC-063,Purmerend.pdf,9,,"Daarom beoordelen wij gebiedsontwikkelingen niet uitsluitend op het aantal woningen dat wordt gerealiseerd, maar ook op de bijdrage aan leefbaarheid, bereikbaarheid, maatschappelijke voorzieningen, ruimtelijke kwaliteit en sociale samenhang. Wij vinden het belangrijk dat de ontwikkeling van de gemeente in een tempo plaatsvindt dat past bij de draagkracht van de samenleving, de beschikbare voorzieningen en de uitvoeringskracht van de gemeente.",T11,T11: Interbestuurlijke samenwerking,Hoofdstuk 2,2,2,Beleidsopdracht,,Nee,H14 volledige paginatekstscan
H14-2592,Purmerend,Rechtstreeks,Rechtstreeks,Noord-Holland,SRC-063,Purmerend.pdf,9,,"Voorbeelden hiervan zijn parkeergarages met daarboven speeltuinen, maar ook door schoolgebouwen na schooltijden te benutten voor culturele activiteiten of buurtfuncties.",T05,"T05: Garages, P+R en randparkeren",Hoofdstuk 2,1,1,Lokale kwestie,,Nee,H14 volledige paginatekstscan
H14-2593,Purmerend,Rechtstreeks,Rechtstreeks,Noord-Holland,SRC-063,Purmerend.pdf,9,,"Wonen, mobiliteit, onderwijs, zorg, groen, economie, veiligheid en openbare ruimte zijn onlosmakelijk met elkaar verbonden. We realiseren ons ook dat ruimte steeds schaarser wordt.",T06; T11,T06: Herverdeling van openbare ruimte; T11: Overig binnen afbakening,Hoofdstuk 2,2,2,Beleidsopdracht,Probleem,Nee,H14 volledige paginatekstscan
H14-2594,Purmerend,Rechtstreeks,Rechtstreeks,Noord-Holland,SRC-063,Purmerend.pdf,12,22–23,Daarom willen wij inzetten op de oprichting van een Fast Bike Team dat structureel controles uitvoert. Op die manier kunnen overtredingen beter worden aangepakt en kan de verkeersveiligheid voor alle weggebruikers worden verbeterd.,T01,T01: Veilige inrichting en snelheid,,2,2,Beleidsopdracht,,Nee,Eerder gevalideerd bewijsanker; H14 herbevestigd
H14-2595,Purmerend,Rechtstreeks,Rechtstreeks,Noord-Holland,SRC-063,Purmerend.pdf,12,22–23,"Daarom zetten wij in op veilige, aantrekkelijke en goed onderhouden wandel- en fietsroutes binnen de gemeente.",T02,T02: Voetgangersnetwerk en lopen,,2,2,Beleidsopdracht,,Nee,Eerder gevalideerd bewijsanker; H14 herbevestigd
