,,,,,,,,,,,,,,,,,
Nieuwe en onderbelichte onderwerpen,,,,,,,,,,,,,,,,,
Alleen onderwerpen die voldoen aan ≥15% van 85 akkoorden of ≥8 concrete/programmatische akkoorden én een collectief gemeentelijk vraagstuk bevatten.,,,,,,,,,,,,,,,,,
,,,,,,,,,,,,,,,,,
Rang,ID,Onderwerp,Akkoorden,% van 85,% van 88,Concreet/programmatisch,Gem. genoemd,Direct,Via regio,Provincies,Drempel,Agendagat,Collectieve vraag,Voorgestelde interventie,Partners,Bewijs-ID’s,Passages
1,N01,"Beheer, vervanging en financiering van civiele mobiliteitsassets",57,0.6705882352941176,0.6477272727272727,52,2.245614035087719,31,26,12,Ja,"Geen herkenbaar GNMI-dossier voor assetmanagement, vervangingsgolven, kwaliteitsniveaus en civiele beheerprogrammering.","Gemeenten delen uitvoerings-, kennis-, financierings- en samenwerkingsvragen die met gezamenlijke formats en kennisuitwisseling efficiënter kunnen worden aangepakt.","Start een programmaspoor Assetmanagement en vervanging met een handreiking voor conditiemeting, risicoprioritering en meerjarenprogrammering; verken daarna gezamenlijk de financieringspositie met Rijk en provincies.",CROW; Platform WOW; VNG; IPO/provincies; Unie van Waterschappen; Rijkswaterstaat; kennisinstellingen,"H14-0383 | Amsterdam, p. 52; H14-2300 | Middelburg, p. 22; H14-0009 | Aa en Hunze, p. 12; H14-2015 | Houten, p. 35; H14-0799 | Coevorden, p. 7","Amsterdam (Amsterdam.pdf, PDF p. 52): “We gaan verder met het realiseren van de Oostbrug en werken aan een langjarige investeringsagenda voor mobiliteit. Waaronder de Westbrug, een tweede fietsring en veilige, goed verlichte fietsroutes, ook ’s nachts.”
Middelburg (Middelburg.pdf, PDF p. 22): “Het beleid rondom het onderhoudsniveau van onze wegen zetten we voort, tenzij de financiële situatie ons dwingt om andere keuzes te maken.”
Aa en Hunze (Aa en Hunze.pdf, PDF p. 12): “We willen het wegenonderhoud op een aanvaardbaar niveau houden en zien dat een impuls nodig is. In het wegenbeleidsplan leggen we vast op welke wijze we hier invulling aan kunnen geven met een combinatie van structurele en incidentele investeringen.”
Houten (Houten.pdf, PDF p. 35): “Tegelijk is blijvende inzet voor verkeersveiligheid keihard nodig. Hier werken we aan door planmatig onderhoud van stoepen, wegen en straten. Doordat de gemeente de komende jaren verder moet bezuinigen, kan niet alles zo snel als we zouden willen, maar we zorgen voor een duidelijke planning.”
Coevorden (Coevorden.pdf, PDF p. 7): “In het nieuwe Wegenbeheerplan 2029– 2032 krijgt onderhoud een prominente plek.”"
2,N02,Rijks- en provinciale hoofdwegen en grootschalige wegprojecten,45,0.5294117647058824,0.5113636363636364,34,1.8222222222222222,26,19,11,Ja,"Hoofdwegknelpunten, lokaal effect, projectrijpheid en cofinanciering staan nog niet als herkenbare gezamenlijke portefeuille op de agenda.","Gemeenten delen uitvoerings-, kennis-, financierings- en samenwerkingsvragen die met gezamenlijke formats en kennisuitwisseling efficiënter kunnen worden aangepakt.","Bouw een gezamenlijke hoofdnetten- en projectenportefeuille met een vast dossierformat en periodieke gezamenlijke positiebepaling; betrek ministerie, Rijkswaterstaat en provincies.",Ministerie van IenW; Rijkswaterstaat; provincies/IPO; VNG; MIRT-regio’s; ProRail waar weg en spoor samenkomen,"H14-2285 | Middelburg, p. 12; H14-2175 | Lingewaard, p. 19; H14-2418 | Mook en Middelaar, p. 16; H14-1416 | Emmen, p. 15; H14-1595 | Groningen, p. 25","Middelburg (Middelburg.pdf, PDF p. 12): “Evaluaties worden benut om telkens opnieuw de juiste balans te vinden tussen levendigheid, veiligheid en leefbaarheid. Bij de eerste evaluatie nemen we in ieder geval mee hoe Studio A58 gelet op de huidige bezetting van het pand in de cultuurvisie van Middelburg past.”
Lingewaard (Lingewaard.pdf, PDF p. 19): “We onderzoeken de haalbaarheid en wenselijkheid van een rondweg om Haalderen. Hiervoor reserveren we € 50.000.”
Mook en Middelaar (Mook en middelaar.pdf, PDF p. 16): “We monitoren daarom de komende periode de belangrijkste verkeersroutes op hun veiligheid, ook de oversteekplaatsen bij de Rijksweg en Cuijksesteeg.”
Emmen (Emmen.pdf, PDF p. 15): “Ook blijven we ons inzetten voor de verdubbeling van de N34. De F34 en de fietsroute langs de weg Emmen-Klazienaveen zien we als cruciale regionale doorfietsroute voor gezonde verstedelijking. Evenwichtige aanpak Wij kiezen voor bereikbaarheid in de volle breedte.”
Groningen (Groningen.pdf, PDF p. 25): “We verbeteren de bereikbaarheid en verkeersveiligheid op de westelijke ringweg door knelpunten aan te pakken.”"
,,,,,,,,,,,,,,,,,
