,,,,,,,,,,,,,,,,,,,,,,,,,,,,,,,,,,,,,,
Controleblad definitieve scores,,,,,,,,,,,,,,,,,,,,,,,,,,,,,,,,,,,,,,
"De formules volgen H01 en de goedgekeurde ontvlochten C-alt. Aanpassen van een thema-intensiteit herberekent A, B, C-alt en totaal.",,,,,,,,,,,,,,,,,,,,,,,,,,,,,,,,,,,,,,
,,,,,,,,,,,,,,,,,,,,,,,,,,,,,,,,,,,,,,
Nr,Gemeente,Route,Regio,Provincie,Bron-ID,Bestand,T01,T02,T03,T04,T05,T06,T07,T08,T09,T10,T11,Mobiliteitssectie,C5-anker,A1,A2,A3,A4,A5,Score A,B1,B2,B3,B4,B5,Score B,CA1 T04,CA2 T08,CA3 T09,CA4 T10,Score C-alt,Totaal,# int.3
1,Aa en Hunze,Rechtstreeks,Rechtstreeks,Drenthe,SRC-001,Aa en Hunze.pdf,2,2,2,2,0,1,0,1,0,3,3,Nee,Ja,1,2,2,1,1,7,2,2,2,1,2,9,2.5,1.25,0,2.5,6.25,22.25,1
2,Alkmaar,Rechtstreeks,Rechtstreeks,Noord-Holland,SRC-002,Alkmaar.pdf,3,3,2,2,3,3,2,3,2,2,3,Ja,Ja,2,2,2,2,2,10,2,2,2,2,2,10,2.5,2.5,2.5,2.5,10,30,5
3,Almelo,Rechtstreeks,Rechtstreeks,Overijssel,SRC-003,Almelo.pdf,1,3,2,2,2,2,2,0,0,0,3,Ja,Ja,2,2,2,1,1,8,1,2,2,2,2,9,2.5,0,0,0,2.5,19.5,1
4,Almere,Rechtstreeks,Rechtstreeks,Flevoland,SRC-004,Almere 2026.pdf,2,2,2,2,2,2,2,2,2,0,1,Ja,Ja,2,2,1,1,1,7,2,2,2,2,1,9,2.5,2.5,2.5,0,7.5,23.5,0
5,Alphen aan den Rijn,Rechtstreeks,Rechtstreeks,Zuid-Holland,SRC-005,Alphen.pdf,3,3,2,3,3,3,3,2,2,3,3,Nee,Ja,1,2,2,2,2,9,2,2,2,2,2,10,2.5,2.5,2.5,2.5,10,29,7
6,Altena,Rechtstreeks,Rechtstreeks,Noord-Brabant,SRC-006,Altena.pdf,2,2,3,1,0,1,1,3,0,0,3,Ja,Ja,2,2,1,1,2,8,2,2,2,1,2,9,1.25,2.5,0,0,3.75,20.75,2
7,Amersfoort,Rechtstreeks,Rechtstreeks,Utrecht,SRC-007,Amesfoort.pdf,2,2,3,2,3,3,1,2,0,0,3,Nee,Ja,1,2,2,2,2,9,2,2,2,2,2,10,2.5,2.5,0,0,5,24,3
8,Amsterdam,Rechtstreeks,Rechtstreeks,Noord-Holland,SRC-008,Amsterdam.pdf,3,3,3,3,3,3,3,3,2,3,3,Ja,Ja,2,2,2,2,2,10,2,2,2,2,2,10,2.5,2.5,2.5,2.5,10,30,9
9,Apeldoorn,Rechtstreeks,Rechtstreeks,Gelderland,SRC-009,Apeldoorn.pdf,3,3,3,3,2,3,3,2,2,0,2,Ja,Ja,2,2,2,2,2,10,2,2,2,2,2,10,2.5,2.5,2.5,0,7.5,27.5,6
10,Arnhem,Rechtstreeks,Rechtstreeks,Gelderland,SRC-010,Arnhem.pdf,2,2,2,2,3,2,2,1,2,0,2,Ja,Ja,2,2,2,1,1,8,2,2,2,2,2,10,2.5,1.25,2.5,0,6.25,24.25,1
11,Barneveld,Rechtstreeks,Rechtstreeks,Gelderland,SRC-011,Barneveld.pdf,2,1,2,1,2,2,1,0,0,1,2,Nee,Ja,1,2,1,1,1,6,2,2,1,2,2,9,1.25,0,0,1.25,2.5,17.5,0
12,Beek,Via regio,RMO Zuid-Limburg,Limburg,SRC-012,Beek.pdf,1,0,0,0,0,2,0,1,0,0,2,Nee,Nee,1,1,1,1,1,5,1,1,0,2,1,5,0,1.25,0,0,1.25,11.25,0
13,Beekdaelen,Via regio,RMO Zuid-Limburg,Limburg,SRC-013,Beekdaelen.pdf,3,3,2,0,0,3,0,2,0,3,3,Nee,Ja,1,2,2,2,2,9,2,2,2,2,2,10,0,2.5,0,2.5,5,24,4
14,Beesel,Via regio,RMO Noord-Limburg / Trendsportal,Limburg,SRC-014,Beesel.pdf,3,2,0,2,0,3,0,0,3,0,3,Nee,Ja,1,2,2,2,2,9,2,1,2,2,2,9,2.5,0,2.5,0,5,23,3
15,Berg en Dal,Via regio,Regio Arnhem-Nijmegen,Gelderland,SRC-015,Berg en Dal.pdf,3,2,2,3,2,2,0,0,2,0,3,Nee,Ja,1,2,2,1,2,8,2,2,2,2,2,10,2.5,0,2.5,0,5,23,2
16,Bergen (L.),Via regio,RMO Noord-Limburg / Trendsportal,Limburg,SRC-016,Bergen.pdf,3,0,0,0,0,2,0,0,0,3,3,Nee,Ja,1,1,2,1,2,7,2,0,0,2,2,6,0,0,0,2.5,2.5,15.5,2
17,Beuningen,Via regio,Regio Arnhem-Nijmegen,Gelderland,SRC-017,Beuningen.pdf,3,2,1,2,2,2,2,0,0,2,2,Nee,Ja,1,2,2,1,1,7,2,2,2,2,2,10,2.5,0,0,2.5,5,22,1
18,Beverwijk,Rechtstreeks,Rechtstreeks,Noord-Holland,SRC-018,Beverwijk.pdf,2,3,2,2,2,2,2,2,2,2,3,Nee,Ja,1,2,2,1,1,7,2,2,2,2,2,10,2.5,2.5,2.5,2.5,10,27,1
19,Breda,Rechtstreeks,Rechtstreeks,Noord-Brabant,SRC-019,Breda.pdf,3,3,2,3,3,3,3,0,0,2,3,Ja,Ja,2,2,2,2,2,10,2,2,2,2,2,10,2.5,0,0,2.5,5,25,6
20,Brunssum,Via regio,RMO Zuid-Limburg,Limburg,SRC-020,Brunssum.pdf,3,2,2,2,3,3,0,2,0,0,3,Nee,Ja,1,2,2,2,2,9,2,2,2,2,2,10,2.5,2.5,0,0,5,24,3
21,Coevorden,Rechtstreeks,Rechtstreeks,Drenthe,SRC-021,Coevorden.pdf,3,3,3,3,3,2,2,2,2,3,3,Ja,Ja,2,2,2,1,2,9,2,2,2,2,2,10,2.5,2.5,2.5,2.5,10,29,6
22,Culemborg,Rechtstreeks,Rechtstreeks,Gelderland,SRC-022,Culembourg.pdf,2,2,1,2,2,2,2,0,0,2,3,Nee,Ja,1,2,2,1,1,7,2,2,2,2,2,10,2.5,0,0,2.5,5,22,0
23,Den Haag,Rechtstreeks,Rechtstreeks,Zuid-Holland,SRC-023,Den Haag.pdf,2,2,2,2,3,2,2,2,2,3,2,Ja,Nee,2,2,2,1,2,9,2,2,2,2,1,9,2.5,2.5,2.5,2.5,10,28,2
24,Deventer,Rechtstreeks,Rechtstreeks,Overijssel,SRC-024,Deventer.pdf,3,3,3,3,2,2,2,2,2,0,2,Nee,Ja,1,2,2,1,2,8,2,2,2,2,2,10,2.5,2.5,2.5,0,7.5,25.5,4
25,Doesburg,Via regio,Regio Arnhem-Nijmegen,Gelderland,SRC-025,Doesburg.pdf,2,2,2,0,2,2,2,2,1,0,0,Nee,Nee,1,2,0,1,1,5,2,2,2,2,0,8,0,2.5,1.25,0,3.75,16.75,0
26,Doetinchem,Rechtstreeks,Rechtstreeks,Gelderland,SRC-026,Doetinchem.pdf,2,2,2,2,3,2,2,0,2,2,3,Ja,Ja,2,2,2,1,1,8,2,2,2,2,2,10,2.5,0,2.5,2.5,7.5,25.5,1
27,Dordrecht,Rechtstreeks,Rechtstreeks,Zuid-Holland,SRC-027,Dordrecht.pdf,3,3,3,3,3,3,2,2,3,2,3,Ja,Ja,2,2,2,2,2,10,2,2,2,2,2,10,2.5,2.5,2.5,2.5,10,30,7
28,Druten,Via regio,Regio Arnhem-Nijmegen,Gelderland,SRC-028,Druten.pdf,3,3,2,3,3,2,0,3,0,2,3,Nee,Ja,1,2,2,1,2,8,2,2,2,2,2,10,2.5,2.5,0,2.5,7.5,25.5,5
29,Duiven,Via regio,Regio Arnhem-Nijmegen,Gelderland,SRC-029,Duiven.pdf,2,2,1,3,2,3,0,0,0,0,2,Nee,Ja,1,2,2,2,2,9,2,2,2,2,2,10,2.5,0,0,0,2.5,21.5,2
30,Ede,Rechtstreeks,Rechtstreeks,Gelderland,SRC-030,Ede.pdf,2,3,2,2,2,2,2,0,0,2,3,Nee,Ja,1,2,2,1,1,7,2,2,2,2,2,10,2.5,0,0,2.5,5,22,1
31,Eijsden-Margraten,Via regio,RMO Zuid-Limburg,Limburg,SRC-031,Eijsden-Margraten.pdf,3,3,2,3,1,3,2,3,2,2,3,Nee,Ja,1,2,2,2,2,9,2,2,2,2,2,10,2.5,2.5,2.5,2.5,10,29,5
32,Eindhoven,Rechtstreeks,Rechtstreeks,Noord-Brabant,SRC-032,Eindhoven.pdf,3,3,3,3,3,3,3,3,3,2,3,Ja,Ja,2,2,2,2,2,10,2,2,2,2,2,10,2.5,2.5,2.5,2.5,10,30,9
33,Emmen,Rechtstreeks,Rechtstreeks,Drenthe,SRC-033,Emmen.pdf,2,3,3,2,2,2,0,2,1,2,3,Nee,Ja,1,2,2,1,2,8,2,2,2,2,2,10,2.5,2.5,1.25,2.5,8.75,26.75,2
34,Enschede,Rechtstreeks,Rechtstreeks,Overijssel,SRC-034,Enschede.pdf,2,2,2,2,3,3,1,1,1,1,3,Ja,Ja,2,2,2,2,2,10,2,2,2,2,2,10,2.5,1.25,1.25,1.25,6.25,26.25,2
35,Gennep,Via regio,RMO Noord-Limburg / Trendsportal,Limburg,SRC-035,Gennep.pdf,3,3,2,3,2,3,1,0,0,0,3,Nee,Ja,1,2,2,2,2,9,2,2,2,2,2,10,2.5,0,0,0,2.5,21.5,4
36,Gouda,Rechtstreeks,Rechtstreeks,Zuid-Holland,SRC-091,Gouda_Samenlevingsakkoord_2026-2030.pdf,2,2,2,2,2,2,2,2,0,2,2,Nee,Ja,1,2,2,1,1,7,2,2,2,2,2,10,2.5,2.5,0,2.5,7.5,24.5,0
37,Groningen,Rechtstreeks,Rechtstreeks,Groningen,SRC-036,Groningen.pdf,3,3,3,3,3,3,3,3,2,2,3,Nee,Ja,1,2,2,2,2,9,2,2,2,2,2,10,2.5,2.5,2.5,2.5,10,29,8
38,Gulpen-Wittem,Via regio,RMO Zuid-Limburg,Limburg,SRC-037,Gulpen-Wittem.pdf,3,3,3,3,0,3,0,3,0,0,3,Nee,Ja,1,2,2,2,2,9,2,2,2,2,2,10,2.5,2.5,0,0,5,24,6
39,Haarlem,Rechtstreeks,Rechtstreeks,Noord-Holland,SRC-038,Haarlem.pdf,3,3,3,2,3,3,1,0,2,0,3,Ja,Ja,2,2,2,2,2,10,2,2,2,2,2,10,2.5,0,2.5,0,5,25,5
40,Hardenberg,Rechtstreeks,Rechtstreeks,Overijssel,SRC-039,Harderberg.pdf,2,2,3,2,2,3,0,0,0,2,2,Nee,Ja,1,2,2,2,2,9,2,2,2,2,2,10,2.5,0,0,2.5,5,24,2
41,Heerlen,Via regio,RMO Zuid-Limburg,Limburg,SRC-040,Heerlen.pdf,3,3,3,2,3,3,3,3,0,3,3,Nee,Ja,1,2,2,2,2,9,2,2,2,2,2,10,2.5,2.5,0,2.5,7.5,26.5,8
42,Helmond,Rechtstreeks,Rechtstreeks,Noord-Brabant,SRC-041,Helmond.pdf,1,2,2,2,2,2,2,0,2,0,2,Nee,Ja,1,2,2,1,1,7,1,2,2,2,2,9,2.5,0,2.5,0,5,21,0
43,Het Hogeland,Via regio,Regio Groningen-Assen,Groningen,SRC-043,Hogeland.pdf,3,3,3,3,2,2,2,3,3,3,3,Nee,Ja,1,2,2,1,2,8,2,2,2,2,2,10,2.5,2.5,2.5,2.5,10,28,7
44,Heumen,Via regio,Regio Arnhem-Nijmegen,Gelderland,SRC-042,Heumen.pdf,2,0,0,3,0,3,0,0,2,1,3,Nee,Ja,1,2,2,2,2,9,2,1,0,2,2,7,2.5,0,2.5,1.25,6.25,22.25,2
45,Horst aan de Maas,Via regio,RMO Noord-Limburg / Trendsportal,Limburg,SRC-044,Horst aan de Maas.pdf,3,2,3,3,2,3,2,3,3,2,3,Nee,Ja,1,2,2,2,2,9,2,2,2,2,2,10,2.5,2.5,2.5,2.5,10,29,6
46,Houten,Rechtstreeks,Rechtstreeks,Utrecht,SRC-045,Houten.pdf,3,3,2,2,2,2,2,2,2,3,3,Nee,Ja,1,2,2,1,2,8,2,2,2,2,2,10,2.5,2.5,2.5,2.5,10,28,3
47,Kerkrade,Via regio,RMO Zuid-Limburg,Limburg,SRC-046,Kerkrade.pdf,3,2,1,2,3,2,1,0,0,3,3,Nee,Ja,1,2,2,1,2,8,2,2,2,2,2,10,2.5,0,0,2.5,5,23,3
48,Landgraaf,Via regio,RMO Zuid-Limburg,Limburg,SRC-047,Landgraaf.pdf,3,2,2,3,2,3,1,3,2,0,3,Nee,Ja,1,2,2,2,2,9,2,2,2,2,2,10,2.5,2.5,2.5,0,7.5,26.5,4
49,Leeuwarden,Rechtstreeks,Rechtstreeks,Fryslân,SRC-048,Leeuwarden.pdf,2,2,2,0,2,3,2,0,0,2,2,Ja,Ja,2,2,2,2,1,9,2,2,2,2,2,10,0,0,0,2.5,2.5,21.5,1
50,Lelystad,Rechtstreeks,Rechtstreeks,Flevoland,SRC-050,Lelystad.pdf,0,1,0,2,1,0,0,0,1,0,0,Ja,Nee,2,2,1,0,1,6,0,1,1,1,0,3,2.5,0,1.25,0,3.75,12.75,0
51,Lingewaard,Via regio,Regio Arnhem-Nijmegen,Gelderland,SRC-051,Lingewaard.pdf,3,3,2,3,2,3,2,0,3,0,3,Nee,Ja,1,2,2,2,2,9,2,2,2,2,2,10,2.5,0,2.5,0,5,24,5
52,Maastricht,Via regio,RMO Zuid-Limburg,Limburg,SRC-052,Maastricht.pdf,0,3,3,2,3,3,3,2,2,2,3,Nee,Ja,1,2,2,2,2,9,0,2,2,2,2,8,2.5,2.5,2.5,2.5,10,27,5
53,Meerssen,Via regio,RMO Zuid-Limburg,Limburg,SRC-053,Meerssen.pdf,3,3,2,3,3,3,2,3,0,2,3,Nee,Ja,1,2,2,2,2,9,2,2,2,2,2,10,2.5,2.5,0,2.5,7.5,26.5,6
54,Middelburg,Rechtstreeks,Rechtstreeks,Zeeland,SRC-054,Middelburg.pdf,2,2,2,3,3,3,2,2,1,3,3,Ja,Ja,2,2,2,2,2,10,2,2,2,2,2,10,2.5,2.5,1.25,2.5,8.75,28.75,4
55,Midden-Groningen,Via regio,Regio Groningen-Assen,Groningen,SRC-055,Midden Groningen.pdf,3,3,3,3,0,3,3,2,3,3,3,Nee,Ja,1,2,2,2,2,9,2,2,2,2,2,10,2.5,2.5,2.5,2.5,10,29,8
56,Montferland,Via regio,Regio Arnhem-Nijmegen,Gelderland,SRC-056,Montferland.pdf,3,3,2,2,2,2,0,2,2,1,3,Nee,Nee,1,2,2,1,2,8,2,2,2,2,1,9,2.5,2.5,2.5,1.25,8.75,25.75,2
57,Mook en Middelaar,Via regio,RMO Noord-Limburg / Trendsportal,Limburg,SRC-057,Mook en middelaar.pdf,3,2,2,2,0,2,0,2,0,3,3,Nee,Ja,1,2,2,1,2,8,2,2,2,2,2,10,2.5,2.5,0,2.5,7.5,25.5,2
58,Nijmegen,Rechtstreeks,Rechtstreeks,Gelderland,SRC-058,Nijmegen.pdf,2,2,3,2,2,2,3,1,2,0,3,Ja,Ja,2,2,2,1,2,9,2,2,2,2,2,10,2.5,1.25,2.5,0,6.25,25.25,2
59,Noordoostpolder,Rechtstreeks,Rechtstreeks,Flevoland,SRC-061,Noordoostpolder.pdf,0,0,3,1,2,3,2,0,0,2,3,Ja,Ja,2,2,2,2,2,10,0,2,2,2,2,8,1.25,0,0,2.5,3.75,21.75,2
60,Overbetuwe,Via regio,Regio Arnhem-Nijmegen,Gelderland,SRC-092,Overbetuwe_Coalitieakkoord_2026-2030.pdf,3,3,2,2,0,3,1,2,1,3,3,Nee,Ja,1,2,2,2,2,9,2,2,2,2,2,10,2.5,2.5,1.25,2.5,8.75,27.75,4
61,Peel en Maas,Via regio,RMO Noord-Limburg / Trendsportal,Limburg,SRC-062,Peel en Maas.pdf,3,3,3,2,3,3,2,3,0,2,3,Nee,Ja,1,2,2,2,2,9,2,2,2,2,2,10,2.5,2.5,0,2.5,7.5,26.5,6
62,Purmerend,Rechtstreeks,Rechtstreeks,Noord-Holland,SRC-063,Purmerend.pdf,2,2,2,2,2,2,2,2,0,1,2,Ja,Ja,2,2,2,1,1,8,2,2,2,2,2,10,2.5,2.5,0,1.25,6.25,24.25,0
63,Renkum,Via regio,Regio Arnhem-Nijmegen,Gelderland,SRC-068,Renkum.pdf,0,0,0,0,2,2,0,2,0,0,0,Nee,Nee,1,1,0,1,1,4,0,2,0,2,0,4,0,2.5,0,0,2.5,10.5,0
64,Rheden,Via regio,Regio Arnhem-Nijmegen,Gelderland,SRC-069,Rheden.pdf,3,3,3,3,3,3,2,2,2,3,3,Nee,Ja,1,2,2,2,2,9,2,2,2,2,2,10,2.5,2.5,2.5,2.5,10,29,7
65,Rotterdam,Rechtstreeks,Rechtstreeks,Zuid-Holland,SRC-070,Rotterdam.pdf,3,3,3,3,3,3,3,2,3,2,3,Ja,Ja,2,2,2,2,2,10,2,2,2,2,2,10,2.5,2.5,2.5,2.5,10,30,8
66,Rozendaal,Via regio,Regio Arnhem-Nijmegen,Gelderland,SRC-093,Rozendaal_Coalitieakkoord_2026-2030.pdf,2,2,0,0,0,0,0,0,0,2,2,Nee,Nee,1,1,2,0,1,5,2,1,2,0,1,6,0,0,0,2.5,2.5,13.5,0
67,Simpelveld,Via regio,RMO Zuid-Limburg,Limburg,SRC-072,Simpelveld.pdf,2,2,2,0,0,2,2,0,0,2,2,Nee,Ja,1,2,2,1,1,7,2,2,2,2,2,10,0,0,0,2.5,2.5,19.5,0
68,Sittard-Geleen,Via regio,RMO Zuid-Limburg,Limburg,SRC-073,Sittard-Geleen.pdf,2,2,3,0,2,3,0,3,3,0,3,Nee,Ja,1,2,1,2,2,8,2,2,2,2,2,10,0,2.5,2.5,0,5,23,4
69,Stein,Via regio,RMO Zuid-Limburg,Limburg,SRC-074,Stein.pdf,3,3,3,3,3,3,2,3,3,3,3,Nee,Ja,1,2,2,2,2,9,2,2,2,2,2,10,2.5,2.5,2.5,2.5,10,29,9
70,Tilburg,Rechtstreeks,Rechtstreeks,Noord-Brabant,SRC-075,Tilburg.pdf,3,3,3,2,3,3,1,2,3,0,3,Ja,Ja,2,2,2,2,2,10,2,2,2,2,2,10,2.5,2.5,2.5,0,7.5,27.5,6
71,Urk,Rechtstreeks,Rechtstreeks,Flevoland,SRC-076,Urk.pdf,2,0,2,3,2,3,1,2,3,2,3,Ja,Ja,2,2,2,2,2,10,2,2,1,2,2,9,2.5,2.5,2.5,2.5,10,29,3
72,Utrecht,Rechtstreeks,Rechtstreeks,Utrecht,SRC-077,Utrecht.pdf,3,3,3,2,2,2,2,2,1,2,3,Ja,Ja,2,2,2,1,2,9,2,2,2,2,2,10,2.5,2.5,1.25,2.5,8.75,27.75,3
73,Vaals,Via regio,RMO Zuid-Limburg,Limburg,SRC-078,Vaals.pdf,2,0,3,3,0,2,0,3,0,0,2,Nee,Ja,1,2,2,1,2,8,2,2,0,2,2,8,2.5,2.5,0,0,5,21,3
74,Valkenburg aan de Geul,Via regio,RMO Zuid-Limburg,Limburg,SRC-079,Valkenburg aan de Geul.pdf,3,3,2,3,3,3,3,2,0,2,3,Nee,Ja,1,2,2,2,2,9,2,2,2,2,2,10,2.5,2.5,0,2.5,7.5,26.5,6
75,Venlo,Rechtstreeks,Rechtstreeks,Limburg,SRC-080,Venlo.pdf,2,3,3,2,3,3,2,2,2,2,3,Nee,Ja,1,2,2,2,2,9,2,2,2,2,2,10,2.5,2.5,2.5,2.5,10,29,4
76,Venray,Via regio,RMO Noord-Limburg / Trendsportal,Limburg,SRC-081,Venray.pdf,3,3,3,3,2,3,3,3,2,2,3,Nee,Ja,1,2,2,2,2,9,2,2,2,2,2,10,2.5,2.5,2.5,2.5,10,29,7
77,Vijfheerenlanden,Rechtstreeks,Rechtstreeks,Utrecht,SRC-082,Vijfheerenland.pdf,1,2,2,2,2,2,0,2,0,0,2,Ja,Ja,2,2,2,1,1,8,1,2,2,2,2,9,2.5,2.5,0,0,5,22,0
78,Voerendaal,Via regio,RMO Zuid-Limburg,Limburg,SRC-083,Voerendaal.pdf,3,1,1,3,0,3,3,0,0,0,3,Nee,Ja,1,2,2,2,2,9,2,2,2,2,2,10,2.5,0,0,0,2.5,21.5,4
79,Waalwijk,Rechtstreeks,Rechtstreeks,Noord-Brabant,SRC-084,Waalwijk.pdf,3,3,3,3,3,3,2,2,3,2,3,Ja,Ja,2,2,2,2,2,10,2,2,2,2,2,10,2.5,2.5,2.5,2.5,10,30,7
80,Westerkwartier,Via regio,Regio Groningen-Assen,Groningen,SRC-085,Westerkwartier.pdf,2,1,0,0,0,2,0,0,0,3,2,Nee,Ja,1,2,2,1,1,7,2,1,1,2,2,8,0,0,0,2.5,2.5,17.5,1
81,Westervoort,Via regio,Regio Arnhem-Nijmegen,Gelderland,SRC-086,Westervoort.pdf,2,2,1,2,2,2,2,0,0,0,2,Nee,Ja,1,2,2,1,1,7,2,2,2,2,2,10,2.5,0,0,0,2.5,19.5,0
82,Westerwolde,Rechtstreeks,Rechtstreeks,Groningen,SRC-094,Westerwolde_Coalitieakkoord_2026-2030.pdf,1,2,3,2,0,2,0,1,0,3,3,Nee,Ja,1,2,2,1,2,8,1,2,2,2,2,9,2.5,1.25,0,2.5,6.25,23.25,2
83,Wijchen,Via regio,Regio Arnhem-Nijmegen,Gelderland,SRC-088,Wijchen.pdf,3,3,2,3,3,3,2,2,0,2,3,Nee,Ja,1,2,2,2,2,9,2,2,2,2,2,10,2.5,2.5,0,2.5,7.5,26.5,5
84,Zaanstad,Rechtstreeks,Rechtstreeks,Noord-Holland,SRC-089,Zaanstad.pdf,2,3,2,2,3,3,2,2,1,2,3,Ja,Ja,2,2,2,2,2,10,2,2,2,2,2,10,2.5,2.5,1.25,2.5,8.75,28.75,3
85,Zevenaar,Via regio,Regio Arnhem-Nijmegen,Gelderland,SRC-090,Zevenaar.pdf,3,2,3,3,3,2,0,3,2,2,3,Nee,Ja,1,2,2,1,2,8,2,2,2,2,2,10,2.5,2.5,2.5,2.5,10,28,5
